Workbook

Sheet Case (Ave)
A1: 皱纹盘鲍mean | D1: input | E1: CF | G1: 皱纹盘鲍max | J1: input | K1: CF | M1: 皱纹盘鲍min | P1: input | Q1: CF
A2: 饲料 | B2: 龙须菜 | C2: t | D2: 20 | E2: 132.85667 | G2: 饲料 | H2: 龙须菜 | I2: t | J2: 20 | K2: 132.85667 | M2: 饲料 | N2: 龙须菜 | O2: t | P2: 20 | Q2: 132.85667
A3: 设备 | B3: 小型工作船（9m） | C3: item | D3: 0.0014566397 | E3: 7.3918056 | G3: 设备 | H3: 小型工作船（9m） | I3: item | J3: 0.0021929926 | K3: 11.128473 | M3: 设备 | N3: 小型工作船（9m） | O3: item | P3: 0.0010904825 | Q3: 5.5337191
A4: 能源 | B4: 柴油 | C4: kg | D4: 16.045789 | E4: 7.3350406 | G4: 能源 | H4: 柴油 | I4: kg | J4: 24.157173 | K4: 11.043012 | M4: 能源 | N4: 柴油 | O4: kg | P4: 12.012341 | Q4: 5.4912232
B5: 电 | C5: kwh | D5: 98.956994 | E5: 63.232685 | H5: 电 | I5: kwh | J5: 148.98121 | K5: 95.197741 | N5: 电 | O5: kwh | P5: 74.082063 | Q5: 47.337814
A6: 基建 | B6: 彩钢活动板房 | C6: kg | D6: 0.75327943 | E6: 1.4740884 | G6: 基建 | H6: 彩钢活动板房 | I6: kg | J6: 1.1340733 | K6: 2.2192618 | M6: 基建 | N6: 彩钢活动板房 | O6: kg | P6: 0.56392673 | Q6: 1.1035451
B7: 养殖笼 | C7: kg | D7: 131.39581 | E7: 313.30066 | H7: 养殖笼 | I7: kg | J7: 197.81833 | K7: 471.67877 | N7: 养殖笼 | O7: kg | P7: 98.366698 | Q7: 234.54592
B8: 渔排浮板 | C8: kg | D8: 3.3787135 | E8: 8.0562582 | H8: 渔排浮板 | I8: kg | J8: 5.086703 | K8: 12.128816 | N8: 渔排浮板 | O8: kg | P8: 2.5294025 | Q8: 6.0311475
B9: 尼龙6 | C9: kg | D9: 2.1303641 | E9: 21.027669 | H9: 尼龙6 | I9: kg | J9: 3.2072946 | K9: 31.657466 | N9: 尼龙6 | O9: kg | P9: 1.594852 | Q9: 15.74192
B10: 泡沫浮球 | C10: kg | D10: 26.096826 | E10: 62.225361 | H10: 泡沫浮球 | I10: kg | J10: 39.289157 | K10: 93.6812 | N10: 泡沫浮球 | O10: kg | P10: 19.536838 | Q10: 46.583702
B11: 木桩 | C11: m3 | D11: 0.027921125 | E11: 0 | H11: 木桩 | I11: m3 | J11: 0.042035666 | K11: 0 | N11: 木桩 | O11: m3 | P11: 0.02090256 | Q11: 0
B12: 基建电力 | C12: kwh | D12: 0.10994947 | E12: 0.070256782 | H12: 基建电力 | I12: kwh | J12: 0.16553054 | K12: 0.10577262 | N12: 基建电力 | O12: kwh | P12: 0.082311345 | Q12: 0.052596256
B13: 塑料管道 | C13: kg | D13: 0.079219724 | E13: 0.81306554 | H13: 塑料管道 | I13: kg | J13: 0.11926646 | K13: 1.2240822 | N13: 塑料管道 | O13: kg | P13: 0.059306173 | Q13: 0.60868434
B14: 混凝土 | C14: kg | D14: 0.0030357433 | E14: 0.86045946 | H14: 混凝土 | I14: kg | J14: 0.0045703563 | K14: 1.2954344 | N14: 混凝土 | O14: kg | P14: 0.0022726451 | Q14: 0.64416479
A15: 运输 | B15: 幼苗运输 | C15: tkm | D15: 9.0124343 | E15: 1.8609011 | G15: 运输 | H15: 幼苗运输 | I15: tkm | J15: 13.568353 | K15: 2.8016141 | M15: 运输 | N15: 幼苗运输 | O15: tkm | P15: 6.7469685 | Q15: 1.3931243
B16: 龙须菜运输 | C16: tkm | D16: 591.86565 | E16: 93.297344 | H16: 龙须菜运输 | I16: tkm | J16: 591.86565 | K16: 93.297344 | N16: 龙须菜运输 | O16: tkm | P16: 591.86565 | Q16: 93.297344
B17: 陆运 | C17: tkm | D17: 177.4907 | E17: 23.860415 | H17: 陆运 | I17: tkm | J17: 267.21487 | K17: 35.922208 | N17: 陆运 | O17: tkm | P17: 132.87466 | Q17: 17.862596
B18: 海运 | C18: tkm | D18: 153.11284 | E18: 1.4390579 | H18: 海运 | I18: tkm | J18: 230.51364 | K18: 2.1665229 | N18: 海运 | O18: tkm | P18: 114.62469 | Q18: 1.0773203
A19: 鲍鱼幼苗 | B19: 鲍鱼幼苗 | C19: item | D19: 34571.332 | E19: =D19*E23 -> 798.28538 | G19: 鲍鱼幼苗 | H19: 鲍鱼幼苗 | I19: item | J19: 52047.651 | K19: =J19*K23 -> 1201.8304 | M19: 鲍鱼幼苗 | N19: 鲍鱼幼苗 | O19: item | P19: 25881.098 | Q19: =P19*Q23 -> 597.61948
E20: =SUM(E2:E19) -> 1537.3871 | K20: =SUM(K2:K19) -> 2200.2348 | Q20: =SUM(Q2:Q19) -> 1207.781
A21: 1粒苗 | B21: 育苗用电 | C21: kwh | D21: 0.02043588 | E21: 0.013058355 | G21: 1粒苗 | H21: 育苗用电 | I21: kwh | J21: 0.02043588 | K21: 0.013058355 | M21: 1粒苗 | N21: 育苗用电 | O21: kwh | P21: 0.02043588 | Q21: 0.013058355
B22: 其他部分 | E22: =E23-E21 -> 0.010032608 | H22: 其他部分 | K22: =K23-K21 -> 0.010032608 | N22: 其他部分 | Q22: =Q23-Q21 -> 0.010032608
E23: 0.023090964 | K23: 0.023090964 | Q23: 0.023090964
A24: 1粒苗 | B24: 基建 | E24: 0.004902061 | G24: 1粒苗 | H24: 基建 | K24: 0.004902061 | M24: 1粒苗 | N24: 基建 | Q24: 0.004902061
B25: 其他部分 | E25: =E23-E24 -> 0.018188903 | H25: 其他部分 | K25: =K23-K24 -> 0.018188903 | N25: 其他部分 | Q25: =Q23-Q24 -> 0.018188903
C26: input | D26: CF | E26: 占比 | I26: input | J26: CF | K26: 占比 | O26: input | P26: CF | Q26: 占比
B27: 电力 | C27: =D5+D12+D19*D21 -> 805.56256 | D27: =E5+E12+E21*D19 -> 514.74769 | E27: =D27/E20 -> 0.33481983 | H27: 电力 | I27: =J5+J12+J19*J21 -> 1212.7863 | J27: =K5+K12+K21*J19 -> 774.96024 | K27: =J27/K20 -> 0.35221706 | N27: 电力 | O27: =P5+P12+P19*P21 -> 603.06739 | P27: =Q5+Q12+Q21*P19 -> 385.35498 | Q27: =P27/Q20 -> 0.31906032
B28: 其他 | D28: =E20-D27 -> 1022.6394 | H28: 其他 | J28: =K20-J27 -> 1425.2746 | N28: 其他 | P28: =Q20-P27 -> 822.42599
B29: 基建 | D29: =SUM(E6:E14)+D19*E24-E12 -> 577.22835 | H29: 基建 | J29: =SUM(K6:K14)+J19*K24-K12 -> 869.02579 | N29: 基建 | P29: =SUM(Q6:Q14)+P19*Q24-Q12 -> 432.1298
B30: 其他 | D30: =E20-D29 -> 960.15878 | H30: 其他 | J30: =K20-J29 -> 1331.209 | N30: 其他 | P30: =Q20-P29 -> 775.65117
A39: 绿盘鲍mean | D39: input | E39: CF | G39: 绿盘鲍max | J39: input | K39: CF | M39: 绿盘鲍min | P39: input | Q39: CF
A40: 饲料 | B40: 龙须菜 | C40: t | D40: 20 | E40: 132.85667 | G40: 饲料 | H40: 龙须菜 | I40: t | J40: 20 | K40: 132.85667 | M40: 饲料 | N40: 龙须菜 | O40: t | P40: 20 | Q40: 132.85667
A41: 设备 | B41: 小型工作船（9m） | C41: item | D41: 0.00069594008 | E41: 3.5311845 | G41: 设备 | H41: 小型工作船（9m） | I41: item | J41: 0.00084752074 | K41: 4.3003014 | M41: 设备 | N41: 小型工作船（9m） | O41: item | P41: 0.00059035415 | Q41: 2.9954439
A42: 能源 | B42: 柴油 | C42: kg | D42: 4.5951282 | E42: 1.9770848 | G42: 能源 | H42: 柴油 | I42: kg | J42: 5.5959795 | K42: 2.4077078 | M42: 能源 | N42: 柴油 | O42: kg | P42: 3.8979692 | Q42: 1.6771274
B43: 电 | C43: kwh | D43: 48.888344 | E43: 31.23924 | H43: 电 | I43: kwh | J43: 59.536571 | K43: 38.043367 | N43: 电 | O43: kwh | P43: 41.471152 | Q43: 26.499717
A44: 基建 | B44: 彩钢活动板房 | C44: kg | D44: 0.37214736 | E44: 0.72825312 | G44: 基建 | H44: 彩钢活动板房 | I44: kg | J44: 0.45320368 | K44: 0.88687178 | M44: 基建 | N44: 彩钢活动板房 | O44: kg | P44: 0.31568629 | Q44: 0.61776475
B45: 养殖笼 | C45: kg | D45: 52.090033 | E45: 124.20543 | H45: 养殖笼 | I45: kg | J45: 63.43561 | K45: 151.25825 | N45: 养殖笼 | O45: kg | P45: 44.18709 | Q45: 105.36136
B46: 渔排浮板 | C46: kg | D46: 2.5244981 | E46: 6.0194534 | H46: 渔排浮板 | I46: kg | J46: 3.0743516 | K46: 7.3305328 | N46: 渔排浮板 | O46: kg | P46: 2.1414888 | Q46: 5.1062001
B47: 泡沫浮球 | C47: kg | D47: 5.6441031 | E47: 13.456946 | H47: 泡沫浮球 | I47: kg | J47: 6.8734286 | K47: 16.387964 | N47: 泡沫浮球 | O47: kg | P47: 4.7877968 | Q47: 11.415299
B48: 木桩 | C48: m3 | D48: 0.00027365862 | E48: 0 | H48: 木桩 | I48: m3 | J48: 0.00033326339 | K48: 0 | N48: 木桩 | O48: m3 | P48: 0.00023213996 | Q48: 0
B49: 基建电力 | C49: kwh | D49: 0.054319024 | E49: 0.034709399 | H49: 基建电力 | I49: kwh | J49: 0.066150091 | K49: 0.042269351 | N49: 基建电力 | O49: kwh | P49: 0.046077906 | Q49: 0.029443393
B50: 塑料管道 | C50: kg | D50: 0.039137417 | E50: 0.40168387 | H50: 塑料管道 | I50: kg | J50: 0.047661823 | K50: 0.48917345 | N50: 塑料管道 | O50: kg | P50: 0.033199606 | Q50: 0.3407416
B51: 混凝土 | C51: kg | D51: 0.0014997673 | E51: 0.42509818 | H51: 混凝土 | I51: kg | J51: 0.0018264272 | K51: 0.51768757 | N51: 混凝土 | O51: kg | P51: 0.0012722271 | Q51: 0.36060357
B52: 聚乙烯绳 | C52: kg | D52: 2.7760722 | E52: 6.619184 | H52: 聚乙烯绳 | I52: kg | J52: 3.3807203 | K52: 8.0608889 | N52: 聚乙烯绳 | O52: kg | P52: 2.3548949 | Q52: 5.6149413
B53: 养殖扣盆 | C53: kg | D53: 1.0454284 | E53: 2.4925985 | H53: 养殖扣盆 | I53: kg | J53: 1.27313 | K53: 3.035504 | N53: 养殖扣盆 | O53: kg | P53: 0.88681911 | Q53: 2.1144289
A54: 运输 | B54: 幼苗运输 | C54: tkm | D54: 4.7657601 | E54: 1.0392259 | G54: 运输 | H54: 幼苗运输 | I54: tkm | J54: 5.8037763 | K54: 1.2655767 | M54: 运输 | N54: 幼苗运输 | O54: tkm | P54: 4.0427133 | Q54: 0.8815577
B55: 龙须菜运输 | C55: tkm | D55: 293.2 | E55: 61.546908 | H55: 龙须菜运输 | I55: tkm | J55: 293.2 | K55: 61.546908 | N55: 龙须菜运输 | O55: tkm | P55: 293.2 | Q55: 61.546908
B56: 陆运 | C56: tkm | D56: 99.866845 | E56: 21.797261 | H56: 陆运 | I56: tkm | J56: 121.61855 | K56: 26.544859 | N56: 陆运 | O56: tkm | P56: 84.715348 | Q56: 18.490247
B57: 海运 | C57: tkm | D57: 94.737721 | E57: 0.89040908 | H57: 海运 | I57: tkm | J57: 94.737721 | K57: 0.89040908 | N57: 海运 | O57: tkm | P57: 80.3644 | Q57: 0.7553189
A58: 鲍鱼幼苗 | B58: 鲍鱼幼苗 | C58: item | D58: 17079.492 | E58: =D58*E62 -> 394.38193 | G58: 鲍鱼幼苗 | H58: 鲍鱼幼苗 | I58: item | J58: 20799.526 | K58: =J58*K62 -> 480.2811 | M58: 鲍鱼幼苗 | N58: 鲍鱼幼苗 | O58: item | P58: 14488.243 | Q58: =P58*Q62 -> 334.54749
D59: 1粒苗 | E59: =SUM(E40:E58) -> 803.64328 | J59: 1粒苗 | K59: =SUM(K40:K58) -> 936.14604 | P59: 1粒苗 | Q59: =SUM(Q40:Q58) -> 711.21127
A60: 1粒苗 | B60: 育苗设备用电 | C60: kwh | D60: 0.02043588 | E60: 0.013058355 | G60: 1粒苗 | H60: 育苗设备用电 | I60: kwh | J60: 0.02043588 | K60: 0.013058355 | M60: 1粒苗 | N60: 育苗设备用电 | O60: kwh | P60: 0.02043588 | Q60: 0.013058355
B61: 其他部分 | E61: =E62-E60 -> 0.010032608 | H61: 其他部分 | K61: =K62-K60 -> 0.010032608 | N61: 其他部分 | Q61: =Q62-Q60 -> 0.010032608
E62: 0.023090964 | K62: 0.023090964 | Q62: 0.023090964
A64: 1粒苗 | B64: 基建 | E64: 0.004902061 | G64: 1粒苗 | H64: 基建 | K64: 0.004902061 | M64: 1粒苗 | N64: 基建 | Q64: 0.004902061
B65: 其他部分 | E65: 0.018192382 | H65: 其他部分 | K65: 0.018192382 | N65: 其他部分 | Q65: 0.018192382
C66: input | D66: CF | E66: 占比 | I66: input | J66: CF | K66: 占比 | O66: input | P66: CF | Q66: 占比
B67: 电力 | C67: =D43+D49+D58*D60 -> 397.97713 | D67: =E43+E49+D58*E60 -> 254.30403 | E67: =D67/E59 -> 0.31643894 | H67: 电力 | I67: =J43+J49+J58*J60 -> 484.65935 | J67: =K43+K49+J58*K60 -> 309.69324 | K67: =J67/K59 -> 0.33081723 | N67: 电力 | O67: =P43+P49+P58*P60 -> 337.59723 | P67: =Q43+Q49+P58*Q60 -> 215.72179 | Q67: =P67/Q59 -> 0.30331604
B68: 其他 | D68: =E59-D67 -> 549.33925 | H68: 其他 | J68: =K59-J67 -> 626.4528 | N68: 其他 | P68: =Q59-P67 -> 495.48948
B69: 基建 | D69: =SUM(E44:E53)+D58*E64-E49 -> 238.07336 | H69: 基建 | J69: =SUM(K44:K53)+J58*K64-K49 -> 289.92742 | N69: 基建 | P69: =SUM(Q44:Q53)+P58*Q64-Q49 -> 201.95359
B70: 其他 | D70: =E59-D69 -> 565.56992 | H70: 其他 | J70: =K59-J69 -> 646.21862 | N70: 其他 | P70: =Q59-P69 -> 509.25768

Sheet Temperature
B1: 皱纹盘鲍 | C1: 绿盘鲍 | H1: 市场售卖鲍鱼品种比例
A2: 2020 | B2: 1 | C2: 1 | E2: =(B32-B2)/($A$32-$A$2) -> -0.0033333333 | F2: =(C32-C2)/($A$32-$A$2) -> -0.0023333333 | H2: 数据时间 | I2: 皱纹盘鲍 | J2: 绿盘鲍
A3: 2021 | B3: =B2+E$2 -> 0.99666667 | C3: =C2+F$2 -> 0.99766667 | H3: 2020 | I3: 0.95 | J3: 0.05
A4: 2022 | B4: =B3+E$2 -> 0.99333333 | C4: =C3+F$2 -> 0.99533333 | H4: 2021 | I4: 0.95 | J4: 0.05
A5: 2023 | B5: =B4+E$2 -> 0.99 | C5: =C4+F$2 -> 0.993 | H5: 2022 | I5: 0.925 | J5: 0.075
A6: 2024 | B6: =B5+E$2 -> 0.98666667 | C6: =C5+F$2 -> 0.99066667 | H6: 2023 | I6: 0.7 | J6: 0.3
A7: 2025 | B7: =B6+E$2 -> 0.98333333 | C7: =C6+F$2 -> 0.98833333 | H7: 2024 | I7: 0.35 | J7: 0.65
A8: 2026 | B8: =B7+E$2 -> 0.98 | C8: =C7+F$2 -> 0.986
A9: 2027 | B9: =B8+E$2 -> 0.97666667 | C9: =C8+F$2 -> 0.98366667
A10: 2028 | B10: =B9+E$2 -> 0.97333333 | C10: =C9+F$2 -> 0.98133333
A11: 2029 | B11: =B10+E$2 -> 0.97 | C11: =C10+F$2 -> 0.979
A12: 2030 | B12: =B11+E$2 -> 0.96666667 | C12: =C11+F$2 -> 0.97666667
A13: 2031 | B13: =B12+E$2 -> 0.96333333 | C13: =C12+F$2 -> 0.97433333
A14: 2032 | B14: =B13+E$2 -> 0.96 | C14: =C13+F$2 -> 0.972 | G14: Both | N14: 新增冷却用电量 | P14: 新增冷却用电碳足迹（不考虑电力结构） | Q14: 新增冷却用电碳足迹（考虑电力结构） | S14: 都要*0.01（模式占比）
A15: 2033 | B15: =B14+E$2 -> 0.95666667 | C15: =C14+F$2 -> 0.96966667 | F15: 2020 | G15: =B2*I3+C2*J3 -> 1 | K15: 维持时间 | M15: 2020 | N15: 0 | O15: =(N45-N15)/(M45-M15) -> 159.04762 | P15: =N15*'[1]Elec str'!$G$3 -> 0 | Q15: =N15*'Elec str'!I3 -> 0
A16: 2034 | B16: =B15+E$2 -> 0.95333333 | C16: =C15+F$2 -> 0.96733333 | F16: 2021 | G16: =B3*I4+C3*J4 -> 0.99671667 | K16: day | L16: hour | M16: 2021 | N16: =N15+$O$15 -> 159.04762 | P16: =N16*'[1]Elec str'!$G$3 -> 157.00118 | Q16: =N16*'Elec str'!I4 -> 101.63009
A17: 2035 | B17: =B16+E$2 -> 0.95 | C17: =C16+F$2 -> 0.965 | F17: 2022 | G17: =B4*I5+C4*J5 -> 0.99348333 | K17: 100 | L17: 2400 | M17: 2022 | N17: =N16+$O$15 -> 318.09524 | P17: =N17*'[1]Elec str'!$G$3 -> 314.00235 | Q17: =N17*'Elec str'!I5 -> 203.26018
A18: 2036 | B18: =B17+E$2 -> 0.94666667 | C18: =C17+F$2 -> 0.96266667 | F18: 2023 | G18: =B5*I6+C5*J6 -> 0.9909 | M18: 2023 | N18: =N17+$O$15 -> 477.14286 | P18: =N18*'[1]Elec str'!$G$3 -> 471.00353 | Q18: =N18*'Elec str'!I6 -> 296.06714
A19: 2037 | B19: =B18+E$2 -> 0.94333333 | C19: =C18+F$2 -> 0.96033333 | F19: 2024 | G19: =B6*I$7+C6*J$7 -> 0.98926667 | J19: kwh | M19: 2024 | N19: =N18+$O$15 -> 636.19048 | P19: =N19*'[1]Elec str'!$G$3 -> 628.0047 | Q19: =N19*'Elec str'!I7 -> 376.85588
A20: 2038 | B20: =B19+E$2 -> 0.94 | C20: =C19+F$2 -> 0.958 | F20: 2025 | G20: =B7*I$7+C7*J$7 -> 0.98658333 | J20: 功率 | K20: 制冷机 | L20: 空调 | M20: 2025 | N20: =N19+$O$15 -> 795.2381 | P20: =N20*'[1]Elec str'!$G$3 -> 785.00588 | Q20: =N20*'Elec str'!I8 -> 449.25469
A21: 2039 | B21: =B20+E$2 -> 0.93666667 | C21: =C20+F$2 -> 0.95566667 | F21: 2026 | G21: =B8*I$7+C8*J$7 -> 0.9839 | J21: 原来 | K21: 2.25 | L21: 3.75 | M21: 2026 | N21: =N20+$O$15 -> 954.28571 | P21: =N21*'[1]Elec str'!$G$3 -> 942.00705 | Q21: =N21*'Elec str'!I9 -> 513.58559
A22: 2040 | B22: =B21+E$2 -> 0.93333333 | C22: =C21+F$2 -> 0.95333333 | F22: 2027 | G22: =B9*I$7+C9*J$7 -> 0.98121667 | J22: 增加值 | K22: 0.045 | L22: 0.7 | M22: 2027 | N22: =N21+$O$15 -> 1113.3333 | P22: =N22*'[1]Elec str'!$G$3 -> 1099.0082 | Q22: =N22*'Elec str'!I10 -> 570.16151
A23: 2041 | B23: =B22+E$2 -> 0.93 | C23: =C22+F$2 -> 0.951 | F23: 2028 | G23: =B10*I$7+C10*J$7 -> 0.97853333 | J23: 增加比例 | K23: =K22/K21 -> 0.02 | L23: =L22/L21 -> 0.18666667 | M23: 2028 | N23: =N22+$O$15 -> 1272.381 | P23: =N23*'[1]Elec str'!$G$3 -> 1256.0094 | Q23: =N23*'Elec str'!I11 -> 619.28647
A24: 2042 | B24: =B23+E$2 -> 0.92666667 | C24: =C23+F$2 -> 0.94866667 | F24: 2029 | G24: =B11*I$7+C11*J$7 -> 0.97585 | J24: 一个房间 | K24: 池子数 | L24: 3 | M24: 2029 | N24: =N23+$O$15 -> 1431.4286 | P24: =N24*'[1]Elec str'!$G$3 -> 1413.0106 | Q24: =N24*'Elec str'!I12 -> 661.25584
A25: 2043 | B25: =B24+E$2 -> 0.92333333 | C25: =C24+F$2 -> 0.94633333 | F25: 2030 | G25: =B12*I$7+C12*J$7 -> 0.97316667 | K25: 空调数 | L25: 1 | M25: 2030 | N25: =N24+$O$15 -> 1590.4762 | P25: =N25*'[1]Elec str'!$G$3 -> 1570.0118 | Q25: =N25*'Elec str'!I13 -> 696.35654
A26: 2044 | B26: =B25+E$2 -> 0.92 | C26: =C25+F$2 -> 0.944 | F26: 2031 | G26: =B13*I$7+C13*J$7 -> 0.97048333 | M26: 2031 | N26: =N25+$O$15 -> 1749.5238 | P26: =N26*'[1]Elec str'!$G$3 -> 1727.0129 | Q26: =N26*'Elec str'!I14 -> 724.86725
A27: 2045 | B27: =B26+E$2 -> 0.91666667 | C27: =C26+F$2 -> 0.94166667 | F27: 2032 | G27: =B14*I$7+C14*J$7 -> 0.9678 | J27: 每小时总增加值 | K27: =3*K22+L25*L22 -> 0.835 | M27: 2032 | N27: =N26+$O$15 -> 1908.5714 | P27: =N27*'[1]Elec str'!$G$3 -> 1884.0141 | Q27: =N27*'Elec str'!I15 -> 747.05859
A28: 2046 | B28: =B27+E$2 -> 0.91333333 | C28: =C27+F$2 -> 0.93933333 | F28: 2033 | G28: =B15*I$7+C15*J$7 -> 0.96511667 | M28: 2033 | N28: =N27+$O$15 -> 2067.619 | P28: =N28*'[1]Elec str'!$G$3 -> 2041.0153 | Q28: =N28*'Elec str'!I16 -> 763.19333
A29: 2047 | B29: =B28+E$2 -> 0.91 | C29: =C28+F$2 -> 0.937 | F29: 2034 | G29: =B16*I$7+C16*J$7 -> 0.96243333 | M29: 2034 | N29: =N28+$O$15 -> 2226.6667 | P29: =N29*'[1]Elec str'!$G$3 -> 2198.0165 | Q29: =N29*'Elec str'!I17 -> 773.5266
A30: 2048 | B30: =B29+E$2 -> 0.90666667 | C30: =C29+F$2 -> 0.93466667 | F30: 2035 | G30: =B17*I$7+C17*J$7 -> 0.95975 | J30: 养殖周期总增加值 | K30: =K27*L17 -> 2004 | M30: 2035 | N30: =N29+$O$15 -> 2385.7143 | P30: =N30*'[1]Elec str'!$G$3 -> 2355.0176 | Q30: =N30*'Elec str'!I18 -> 778.30604
A31: 2049 | B31: =B30+E$2 -> 0.90333333 | C31: =C30+F$2 -> 0.93233333 | F31: 2036 | G31: =B18*I$7+C18*J$7 -> 0.95706667 | J31: 产量（吨） | K31: 0.42 | M31: 2036 | N31: =N30+$O$15 -> 2544.7619 | P31: =N31*'[1]Elec str'!$G$3 -> 2512.0188 | Q31: =N31*'Elec str'!I19 -> 777.77204
A32: 2050 | B32: 0.9 | C32: 0.93 | F32: 2037 | G32: =B19*I$7+C19*J$7 -> 0.95438333 | J32: 折算到每吨 | K32: =K30/K31 -> 4771.4286 | M32: 2037 | N32: =N31+$O$15 -> 2703.8095 | P32: =N32*'[1]Elec str'!$G$3 -> 2669.02 | Q32: =N32*'Elec str'!I20 -> 772.15786
F33: 2038 | G33: =B20*I$7+C20*J$7 -> 0.9517 | M33: 2038 | N33: =N32+$O$15 -> 2862.8571 | P33: =N33*'[1]Elec str'!$G$3 -> 2826.0212 | Q33: =N33*'Elec str'!I21 -> 761.68984
F34: 2039 | G34: =B21*I$7+C21*J$7 -> 0.94901667 | M34: 2039 | N34: =N33+$O$15 -> 3021.9048 | P34: =N34*'[1]Elec str'!$G$3 -> 2983.0223 | Q34: =N34*'Elec str'!I22 -> 746.58757
F35: 2040 | G35: =B22*I$7+C22*J$7 -> 0.94633333 | M35: 2040 | N35: =N34+$O$15 -> 3180.9524 | P35: =N35*'[1]Elec str'!$G$3 -> 3140.0235 | Q35: =N35*'Elec str'!I23 -> 727.06405
F36: 2041 | G36: =B23*I$7+C23*J$7 -> 0.94365 | M36: 2041 | N36: =N35+$O$15 -> 3340 | P36: =N36*'[1]Elec str'!$G$3 -> 3297.0247 | Q36: =N36*'Elec str'!I24 -> 703.32586
F37: 2042 | G37: =B24*I$7+C24*J$7 -> 0.94096667 | M37: 2042 | N37: =N36+$O$15 -> 3499.0476 | P37: =N37*'[1]Elec str'!$G$3 -> 3454.0259 | Q37: =N37*'Elec str'!I25 -> 675.57331
F38: 2043 | G38: =B25*I$7+C25*J$7 -> 0.93828333 | M38: 2043 | N38: =N37+$O$15 -> 3658.0952 | P38: =N38*'[1]Elec str'!$G$3 -> 3611.027 | Q38: =N38*'Elec str'!I26 -> 644.00063
F39: 2044 | G39: =B26*I$7+C26*J$7 -> 0.9356 | M39: 2044 | N39: =N38+$O$15 -> 3817.1429 | P39: =N39*'[1]Elec str'!$G$3 -> 3768.0282 | Q39: =N39*'Elec str'!I27 -> 608.79608
F40: 2045 | G40: =B27*I$7+C27*J$7 -> 0.93291667 | M40: 2045 | N40: =N39+$O$15 -> 3976.1905 | P40: =N40*'[1]Elec str'!$G$3 -> 3925.0294 | Q40: =N40*'Elec str'!I28 -> 570.14213
F41: 2046 | G41: =B28*I$7+C28*J$7 -> 0.93023333 | M41: 2046 | N41: =N40+$O$15 -> 4135.2381 | P41: =N41*'[1]Elec str'!$G$3 -> 4082.0306 | Q41: =N41*'Elec str'!I29 -> 528.21558
F42: 2047 | G42: =B29*I$7+C29*J$7 -> 0.92755 | M42: 2047 | N42: =N41+$O$15 -> 4294.2857 | P42: =N42*'[1]Elec str'!$G$3 -> 4239.0317 | Q42: =N42*'Elec str'!I30 -> 483.18774
F43: 2048 | G43: =B30*I$7+C30*J$7 -> 0.92486667 | M43: 2048 | N43: =N42+$O$15 -> 4453.3333 | P43: =N43*'[1]Elec str'!$G$3 -> 4396.0329 | Q43: =N43*'Elec str'!I31 -> 435.22455
F44: 2049 | G44: =B31*I$7+C31*J$7 -> 0.92218333 | M44: 2049 | N44: =N43+$O$15 -> 4612.381 | P44: =N44*'[1]Elec str'!$G$3 -> 4553.0341 | Q44: =N44*'Elec str'!I32 -> 384.48671
F45: 2050 | G45: =B32*I$7+C32*J$7 -> 0.9195 | M45: 2050 | N45: =K32 -> 4771.4286 | P45: =N45*'[1]Elec str'!$G$3 -> 4710.0353 | Q45: =N45*'Elec str'!I33 -> 331.12981

Sheet Baseline
D1: 1t鲍鱼碳足迹 | G1: 产业碳足迹(kgCO2) | N1: mean | Q1: max | T1: min
B2: 总产量(t) | C2: 产量增长率 | D2: mean | E2: max | F2: min | G2: mean | H2: max | I2: min | K2: 市场售卖鲍鱼品种比例 | N2: 碳足迹（各种模式比例） | P2: 1t碳足迹 | Q2: 碳足迹（各种模式比例） | S2: 1t碳足迹 | T2: 碳足迹（各种模式比例） | V2: 1t碳足迹
A3: 2020 | B3: 203485 | C3: 0.12879784 | D3: =P4 -> 1500.6999 | E3: =S4 -> 2137.0304 | F3: =V4 -> 1182.9525 | G3: =D3*B3 -> 3.0536993e+08 | H3: =E3*B3 -> 4.3485363e+08 | I3: =B3*F3 -> 2.4071309e+08 | K3: 数据时间 | L3: 皱纹盘鲍 | M3: 绿盘鲍 | N3: 皱纹盘鲍 | O3: 绿盘鲍 | Q3: 皱纹盘鲍 | R3: 绿盘鲍 | T3: 皱纹盘鲍 | U3: 绿盘鲍
A4: 2021 | B4: 217831 | C4: =(B4-B3)/B3 -> 0.070501511 | D4: =P5 -> 1500.6999 | E4: =S5 -> 2137.0304 | F4: =V5 -> 1182.9525 | G4: =D4*B4 -> 3.2689897e+08 | H4: =E4*B4 -> 4.6551146e+08 | I4: =B4*F4 -> 2.5768372e+08 | K4: 2020 | L4: 0.95 | M4: 0.05 | N4: 1537.3871 | O4: 803.64328 | P4: =N4*L4+O4*M4 -> 1500.6999 | Q4: 2200.2348 | R4: 936.14604 | S4: =Q4*L4+R4*M4 -> 2137.0304 | T4: 1207.781 | U4: 711.21127 | V4: =T4*L4+M4*U4 -> 1182.9525
A5: 2022 | B5: 228190 | C5: =(B5-B4)/B4 -> 0.047555215 | D5: =P6 -> 1482.3563 | E5: =S6 -> 2105.4282 | F5: =V6 -> 1170.5382 | G5: =D5*B5 -> 3.3825889e+08 | H5: =E5*B5 -> 4.8043765e+08 | I5: =B5*F5 -> 2.6710512e+08 | K5: 2021 | L5: 0.95 | M5: 0.05 | N5: 1537.3871 | O5: 803.64328 | P5: =N5*L5+O5*M5 -> 1500.6999 | Q5: 2200.2348 | R5: 936.14604 | S5: =Q5*L5+R5*M5 -> 2137.0304 | T5: 1207.781 | U5: 711.21127 | V5: =T5*L5+M5*U5 -> 1182.9525
A6: 2023 | B6: 244991 | C6: =(B6-B5)/B5 -> 0.07362724 | D6: =P7 -> 1317.264 | E6: =S7 -> 1821.0082 | F6: =V7 -> 1058.8101 | G6: =D6*B6 -> 3.2271782e+08 | H6: =E6*B6 -> 4.4613062e+08 | I6: =B6*F6 -> 2.5939894e+08 | K6: 2022 | L6: 0.925 | M6: 0.075 | N6: 1537.3871 | O6: 803.64328 | P6: =N6*L6+O6*M6 -> 1482.3563 | Q6: 2200.2348 | R6: 936.14604 | S6: =Q6*L6+R6*M6 -> 2105.4282 | T6: 1207.781 | U6: 711.21127 | V6: =T6*L6+M6*U6 -> 1170.5382
A7: 2024 | B7: 255239.19 | C7: 0.0521 | D7: =P8 -> 1060.4536 | E7: =S8 -> 1378.5771 | F7: =V8 -> 885.01066 | G7: =D7*B7 -> 2.7066932e+08 | H7: =E7*B7 -> 3.5186691e+08 | I7: =B7*F7 -> 2.2588941e+08 | K7: 2023 | L7: 0.7 | M7: 0.3 | N7: 1537.3871 | O7: 803.64328 | P7: =N7*L7+O7*M7 -> 1317.264 | Q7: 2200.2348 | R7: 936.14604 | S7: =Q7*L7+R7*M7 -> 1821.0082 | T7: 1207.781 | U7: 711.21127 | V7: =T7*L7+M7*U7 -> 1058.8101
A8: 2025 | B8: 267061.53 | C8: 0.0463 | D8: =$D$7 -> 1060.4536 | E8: =$E$7 -> 1378.5771 | F8: =$F$7 -> 885.01066 | G8: =D8*B8 -> 2.8320637e+08 | H8: =E8*B8 -> 3.6816491e+08 | I8: =B8*F8 -> 2.363523e+08 | K8: 2024 | L8: 0.35 | M8: 0.65 | N8: 1537.3871 | O8: 803.64328 | P8: =N8*L8+O8*M8 -> 1060.4536 | Q8: 2200.2348 | R8: 936.14604 | S8: =Q8*L8+R8*M8 -> 1378.5771 | T8: 1207.781 | U8: 711.21127 | V8: =T8*L8+M8*U8 -> 885.01066
A9: 2026 | B9: 278014.11 | C9: 0.041 | D9: =$D$7 -> 1060.4536 | E9: =$E$7 -> 1378.5771 | F9: =$F$7 -> 885.01066 | G9: =D9*B9 -> 2.9482107e+08 | H9: =E9*B9 -> 3.8326389e+08 | I9: =B9*F9 -> 2.4604545e+08
A10: 2027 | B10: 288076.87 | C10: 0.0362 | D10: =$D$7 -> 1060.4536 | E10: =$E$7 -> 1378.5771 | F10: =$F$7 -> 885.01066 | G10: =D10*B10 -> 3.0549216e+08 | H10: =E10*B10 -> 3.9713618e+08 | I10: =B10*F10 -> 2.549511e+08
A11: 2028 | B11: 297251.76 | C11: 0.0318 | D11: =$D$7 -> 1060.4536 | E11: =$E$7 -> 1378.5771 | F11: =$F$7 -> 885.01066 | G11: =D11*B11 -> 3.1522171e+08 | H11: =E11*B11 -> 4.0978447e+08 | I11: =B11*F11 -> 2.6307098e+08 | M11: MEAN | N11: MAX | O11: MIN
A12: 2029 | B12: 305559.15 | C12: 0.0279 | D12: =$D$7 -> 1060.4536 | E12: =$E$7 -> 1378.5771 | F12: =$F$7 -> 885.01066 | G12: =D12*B12 -> 3.2403131e+08 | H12: =E12*B12 -> 4.2123685e+08 | I12: =B12*F12 -> 2.7042311e+08 | L12: Z | M12: 1537.3871 | N12: 2200.2348 | O12: 1207.781
A13: 2030 | B13: 313033.93 | C13: 0.0245 | D13: =$D$7 -> 1060.4536 | E13: =$E$7 -> 1378.5771 | F13: =$F$7 -> 885.01066 | G13: =D13*B13 -> 3.3195797e+08 | H13: =E13*B13 -> 4.3154141e+08 | I13: =B13*F13 -> 2.7703837e+08 | L13: L | M13: 803.64328 | N13: 936.14604 | O13: 711.21127
A14: 2031 | B14: 319721.66 | C14: 0.0214 | D14: =$D$7 -> 1060.4536 | E14: =$E$7 -> 1378.5771 | F14: =$F$7 -> 885.01066 | G14: =D14*B14 -> 3.3904999e+08 | H14: =E14*B14 -> 4.4076096e+08 | I14: =B14*F14 -> 2.8295708e+08
A15: 2032 | B15: 325675.11 | C15: 0.0186 | D15: =$D$7 -> 1060.4536 | E15: =$E$7 -> 1378.5771 | F15: =$F$7 -> 885.01066 | G15: =D15*B15 -> 3.4536335e+08 | H15: =E15*B15 -> 4.4896825e+08 | I15: =B15*F15 -> 2.8822595e+08
A16: 2033 | B16: 330951.2 | C16: 0.0162 | D16: =$D$7 -> 1060.4536 | E16: =$E$7 -> 1378.5771 | F16: =$F$7 -> 885.01066 | G16: =D16*B16 -> 3.509584e+08 | H16: =E16*B16 -> 4.5624175e+08 | I16: =B16*F16 -> 2.9289534e+08
A17: 2034 | B17: 335608.52 | C17: 0.0141 | D17: =$D$7 -> 1060.4536 | E17: =$E$7 -> 1378.5771 | F17: =$F$7 -> 885.01066 | G17: =D17*B17 -> 3.5589727e+08 | H17: =E17*B17 -> 4.6266222e+08 | I17: =B17*F17 -> 2.9701712e+08
A18: 2035 | B18: 339705.32 | C18: 0.0122 | D18: =$D$7 -> 1060.4536 | E18: =$E$7 -> 1378.5771 | F18: =$F$7 -> 885.01066 | G18: =D18*B18 -> 3.6024174e+08 | H18: =E18*B18 -> 4.6830998e+08 | I18: =B18*F18 -> 3.0064283e+08
A19: 2036 | B19: 343298.05 | C19: 0.0106 | D19: =$D$7 -> 1060.4536 | E19: =$E$7 -> 1378.5771 | F19: =$F$7 -> 885.01066 | G19: =D19*B19 -> 3.6405166e+08 | H19: =E19*B19 -> 4.7326283e+08 | I19: =B19*F19 -> 3.0382244e+08
A20: 2037 | B20: 346440.35 | C20: 0.0092 | D20: =$D$7 -> 1060.4536 | E20: =$E$7 -> 1378.5771 | F20: =$F$7 -> 885.01066 | G20: =D20*B20 -> 3.6738392e+08 | H20: =E20*B20 -> 4.7759474e+08 | I20: =B20*F20 -> 3.066034e+08 | T20: 模式比例
A21: 2038 | B21: 349182.28 | C21: 0.0079 | D21: =$D$7 -> 1060.4536 | E21: =$E$7 -> 1378.5771 | F21: =$F$7 -> 885.01066 | G21: =D21*B21 -> 3.7029161e+08 | H21: =E21*B21 -> 4.813747e+08 | I21: =B21*F21 -> 3.0903004e+08 | U21: 工厂化 | V21: 南北 | X21: 本地
A22: 2039 | B22: 351570.04 | C22: 0.0068 | D22: =$D$7 -> 1060.4536 | E22: =$E$7 -> 1378.5771 | F22: =$F$7 -> 885.01066 | G22: =D22*B22 -> 3.7282372e+08 | H22: =E22*B22 -> 4.8466641e+08 | I22: =B22*F22 -> 3.1114323e+08 | V22: 陆运 | W22: 海运 | X22: 渔排（筏式） | Y22: 延绳
A23: 2040 | B23: 353645.74 | C23: 0.0059 | D23: =$D$7 -> 1060.4536 | E23: =$E$7 -> 1378.5771 | F23: =$F$7 -> 885.01066 | G23: =D23*B23 -> 3.7502491e+08 | H23: =E23*B23 -> 4.8752792e+08 | I23: =B23*F23 -> 3.1298025e+08 | T23: 2020 | U23: 0.01 | V23: 0.165 | W23: 0.165 | X23: 0.54600548 | Y23: 0.11399452
A24: 2041 | B24: 355447.44 | C24: 0.0051 | D24: =$D$7 -> 1060.4536 | E24: =$E$7 -> 1378.5771 | F24: =$F$7 -> 885.01066 | G24: =D24*B24 -> 3.7693553e+08 | H24: =E24*B24 -> 4.9001171e+08 | I24: =B24*F24 -> 3.1457477e+08 | T24: 2021 | U24: 0.01 | V24: 0.165 | W24: 0.165 | X24: 0.54600548 | Y24: 0.11399452
A25: 2042 | B25: 357009.28 | C25: 0.0044 | D25: =$D$7 -> 1060.4536 | E25: =$E$7 -> 1378.5771 | F25: =$F$7 -> 885.01066 | G25: =D25*B25 -> 3.7859178e+08 | H25: =E25*B25 -> 4.9216482e+08 | I25: =B25*F25 -> 3.1595702e+08 | T25: 2022 | U25: 0.01 | V25: 0.165 | W25: 0.165 | X25: 0.54600548 | Y25: 0.11399452
A26: 2043 | B26: 358361.69 | C26: 0.0038 | D26: =$D$7 -> 1060.4536 | E26: =$E$7 -> 1378.5771 | F26: =$F$7 -> 885.01066 | G26: =D26*B26 -> 3.8002595e+08 | H26: =E26*B26 -> 4.9402922e+08 | I26: =B26*F26 -> 3.1715392e+08 | T26: 2023 | U26: 0.01 | V26: 0.165 | W26: 0.165 | X26: 0.54600548 | Y26: 0.11399452
A27: 2044 | B27: 359531.61 | C27: 0.0033 | D27: =$D$7 -> 1060.4536 | E27: =$E$7 -> 1378.5771 | F27: =$F$7 -> 885.01066 | G27: =D27*B27 -> 3.812666e+08 | H27: =E27*B27 -> 4.9564205e+08 | I27: =B27*F27 -> 3.1818931e+08 | T27: 2024 | U27: 0.01 | V27: 0.165 | W27: 0.165 | X27: 0.54600548 | Y27: 0.11399452
A28: 2045 | B28: 360542.86 | C28: 0.0028 | D28: =$D$7 -> 1060.4536 | E28: =$E$7 -> 1378.5771 | F28: =$F$7 -> 885.01066 | G28: =D28*B28 -> 3.8233898e+08 | H28: =E28*B28 -> 4.9703613e+08 | I28: =B28*F28 -> 3.1908428e+08
A29: 2046 | B29: 361416.34 | C29: 0.0024 | D29: =$D$7 -> 1060.4536 | E29: =$E$7 -> 1378.5771 | F29: =$F$7 -> 885.01066 | G29: =D29*B29 -> 3.8326527e+08 | H29: =E29*B29 -> 4.9824029e+08 | I29: =B29*F29 -> 3.1985732e+08
A30: 2047 | B30: 362170.38 | C30: 0.0021 | D30: =$D$7 -> 1060.4536 | E30: =$E$7 -> 1378.5771 | F30: =$F$7 -> 885.01066 | G30: =D30*B30 -> 3.8406489e+08 | H30: =E30*B30 -> 4.992798e+08 | I30: =B30*F30 -> 3.2052465e+08
A31: 2048 | B31: 362820.98 | C31: 0.0018 | D31: =$D$7 -> 1060.4536 | E31: =$E$7 -> 1378.5771 | F31: =$F$7 -> 885.01066 | G31: =D31*B31 -> 3.8475482e+08 | H31: =E31*B31 -> 5.001767e+08 | I31: =B31*F31 -> 3.2110044e+08 | K31: 加温度
A32: 2049 | B32: 363382.1 | C32: 0.0015 | D32: =$D$7 -> 1060.4536 | E32: =$E$7 -> 1378.5771 | F32: =$F$7 -> 885.01066 | G32: =D32*B32 -> 3.8534986e+08 | H32: =E32*B32 -> 5.0095025e+08 | I32: =B32*F32 -> 3.2159703e+08 | K32: mean | L32: max | M32: min
A33: 2050 | B33: 363865.87 | C33: 0.0013 | D33: =$D$7 -> 1060.4536 | E33: =$E$7 -> 1378.5771 | F33: =$F$7 -> 885.01066 | G33: =D33*B33 -> 3.8586288e+08 | H33: =E33*B33 -> 5.0161716e+08 | I33: =B33*F33 -> 3.2202518e+08 | J33: 2020 | K33: =D3/Temperature!$G15 -> 1500.6999 | L33: =E3/Temperature!$G15 -> 2137.0304 | M33: =F3/Temperature!$G15 -> 1182.9525
J34: 2021 | K34: =D4/Temperature!$G16 -> 1505.6435 | L34: =E4/Temperature!$G16 -> 2144.0701 | M34: =F4/Temperature!$G16 -> 1186.8493
J35: 2022 | K35: =D5/Temperature!$G17 -> 1492.0797 | L35: =E5/Temperature!$G17 -> 2119.2385 | M35: =F5/Temperature!$G17 -> 1178.2163
J36: 2023 | K36: =D6/Temperature!$G18 -> 1329.3612 | L36: =E6/Temperature!$G18 -> 1837.7315 | M36: =F6/Temperature!$G18 -> 1068.5337
J37: 2024 | K37: =D7/Temperature!$G19 -> 1071.9593 | L37: =E7/Temperature!$G19 -> 1393.5344 | M37: =F7/Temperature!$G19 -> 894.61284
J38: 2025 | K38: =D8/Temperature!$G20 -> 1074.8749 | L38: =E8/Temperature!$G20 -> 1397.3246 | M38: =F8/Temperature!$G20 -> 897.04603
J39: 2026 | K39: =D9/Temperature!$G21 -> 1077.8063 | L39: =E9/Temperature!$G21 -> 1401.1354 | M39: =F9/Temperature!$G21 -> 899.49249
J40: 2027 | K40: =D10/Temperature!$G22 -> 1080.7538 | L40: =E10/Temperature!$G22 -> 1404.9671 | M40: =F10/Temperature!$G22 -> 901.95234
J41: 2028 | K41: =D11/Temperature!$G23 -> 1083.7174 | L41: =E11/Temperature!$G23 -> 1408.8198 | M41: =F11/Temperature!$G23 -> 904.42567
J42: 2029 | K42: =D12/Temperature!$G24 -> 1086.6974 | L42: =E12/Temperature!$G24 -> 1412.6937 | M42: =F12/Temperature!$G24 -> 906.9126
J43: 2030 | K43: =D13/Temperature!$G25 -> 1089.6937 | L43: =E13/Temperature!$G25 -> 1416.5889 | M43: =F13/Temperature!$G25 -> 909.41325
J44: 2031 | K44: =D14/Temperature!$G26 -> 1092.7067 | L44: =E14/Temperature!$G26 -> 1420.5057 | M44: =F14/Temperature!$G26 -> 911.92773
J45: 2032 | K45: =D15/Temperature!$G27 -> 1095.7363 | L45: =E15/Temperature!$G27 -> 1424.4442 | M45: =F15/Temperature!$G27 -> 914.45615
... J63: 2050 | K63: =D33/Temperature!$G45 -> 1153.2938 | L63: =E33/Temperature!$G45 -> 1499.2682 | M63: =F33/Temperature!$G45 -> 962.49121

Sheet Elec str
A1: 排放系数 | B1: 0.0065 | C1: 0.0545 | D1: 0.0336 | E1: 0.0143 | F1: 0.944
B2: 核能 | C2: 光伏 | D2: 风力 | E2: 水力 | F2: 煤炭 | G2: 1kwh排放（无k、t） | H2: t转换系数 | I2: 1kwh排放（调整后）
A3: 2020 | B3: 0.2886 | C3: 0.0012 | D3: 0.0739 | E3: 0.0842 | F3: 0.5521 | G3: / | H3: / | I3: 0.63899158 | K3: 核电 | L3: 光伏 | M3: 风电 | N3: 水力 | O3: 煤电
A4: 2021 | B4: / | C4: / | D4: / | E4: / | F4: / | G4: / | H4: / | I4: 0.63899158 | K4: =(B33-B6)/($A$33-$A$6) -> 3.5307511e-05 | L4: =(C33-C6)/($A$33-$A$6) -> 0.0094613785 | M4: =(D33-D6)/($A$33-$A$6) -> 0.011122249 | N4: =(E33-E6)/($A$33-$A$6) -> 0.0008367787 | O4: =(F33-F6)/($A$33-$A$6) -> -0.021455714
A5: 2022 | B5: / | C5: / | D5: / | E5: / | F5: / | G5: / | H5: / | I5: 0.63899158
A6: 2023 | B6: 0.047 | C6: 0.063 | D6: 0.095 | E6: 0.139 | F6: 0.656 | G6: =B6*$B$1+C6*$C$1+D6*$D$1+E6*$E$1+F6*$F$1 -> 0.6281827 | H6: 1 | I6: =G6*$L$9*H6 -> 0.6205
A7: 2024 | B7: =B6+K$4 -> 0.047035308 | C7: =C6+L$4 -> 0.072461378 | D7: =D6+M$4 -> 0.10612225 | E7: =E6+N$4 -> 0.13983678 | F7: =F6+O$4 -> 0.63454429 | G7: =B7*$B$1+C7*$C$1+D7*$D$1+E7*$E$1+F7*$F$1 -> 0.60883005 | H7: =H6*(1-$L$14) -> 0.985 | I7: =G7*$L$9*H7 -> 0.59236328
A8: 2025 | B8: =B7+K$4 -> 0.047070615 | C8: =C7+L$4 -> 0.081922757 | D8: =D7+M$4 -> 0.1172445 | E8: =E7+N$4 -> 0.14067356 | F8: =F7+O$4 -> 0.61308857 | G8: =B8*$B$1+C8*$C$1+D8*$D$1+E8*$E$1+F8*$F$1 -> 0.58947741 | H8: =H7*(1-$L$14) -> 0.970225 | I8: =G8*$L$9*H8 -> 0.56493104 | K8: 2023官方 | L8: 0.6205
A9: 2026 | B9: =B8+K$4 -> 0.047105923 | C9: =C8+L$4 -> 0.091384135 | D9: =D8+M$4 -> 0.12836675 | E9: =E8+N$4 -> 0.14151034 | F9: =F8+O$4 -> 0.59163286 | G9: =B9*$B$1+C9*$C$1+D9*$D$1+E9*$E$1+F9*$F$1 -> 0.57012476 | H9: =H8*(1-$L$14) -> 0.95567163 | I9: =G9*$L$9*H9 -> 0.5381885 | K9: k | L9: =L8/G6 -> 0.98776996 | M9: 整体转换系数
A10: 2027 | B10: =B9+K$4 -> 0.04714123 | C10: =C9+L$4 -> 0.10084551 | D10: =D9+M$4 -> 0.139489 | E10: =E9+N$4 -> 0.14234711 | F10: =F9+O$4 -> 0.57017715 | G10: =B10*$B$1+C10*$C$1+D10*$D$1+E10*$E$1+F10*$F$1 -> 0.55077212 | H10: =H9*(1-$L$14) -> 0.94133655 | I10: =G10*$L$9*H10 -> 0.51212111
A11: 2028 | B11: =B10+K$4 -> 0.047176538 | C11: =C10+L$4 -> 0.11030689 | D11: =D10+M$4 -> 0.15061125 | E11: =E10+N$4 -> 0.14318389 | F11: =F10+O$4 -> 0.54872143 | G11: =B11*$B$1+C11*$C$1+D11*$D$1+E11*$E$1+F11*$F$1 -> 0.53141947 | H11: =H10*(1-$L$14) -> 0.9272165 | I11: =G11*$L$9*H11 -> 0.48671466
A12: 2029 | B12: =B11+K$4 -> 0.047211845 | C12: =C11+L$4 -> 0.11976827 | D12: =D11+M$4 -> 0.16173349 | E12: =E11+N$4 -> 0.14402067 | F12: =F11+O$4 -> 0.52726572 | G12: =B12*$B$1+C12*$C$1+D12*$D$1+E12*$E$1+F12*$F$1 -> 0.51206683 | H12: =H11*(1-$L$14) -> 0.91330825 | I12: =G12*$L$9*H12 -> 0.46195518 | K12: 2021官方 | L12: 0.5568 | M12: kg CO2/ kWh
A13: 2030 | B13: =B12+K$4 -> 0.047247153 | C13: =C12+L$4 -> 0.12922965 | D13: =D12+M$4 -> 0.17285574 | E13: =E12+N$4 -> 0.14485745 | F13: =F12+O$4 -> 0.50581 | G13: =B13*$B$1+C13*$C$1+D13*$D$1+E13*$E$1+F13*$F$1 -> 0.49271418 | H13: =H12*(1-$L$14) -> 0.89960863 | I13: =G13*$L$9*H13 -> 0.43782896 | K13: 2022官方 | L13: 0.5366 | M13: kg CO2/ kWh
A14: 2031 | B14: =B13+K$4 -> 0.04728246 | C14: =C13+L$4 -> 0.13869103 | D14: =D13+M$4 -> 0.18397799 | E14: =E13+N$4 -> 0.14569423 | F14: =F13+O$4 -> 0.48435429 | G14: =B14*$B$1+C14*$C$1+D14*$D$1+E14*$E$1+F14*$F$1 -> 0.47336153 | H14: =H13*(1-$L$14) -> 0.8861145 | I14: =G14*$L$9*H14 -> 0.4143226 | K14: t | L14: 0.015 | M14: 技术效率系数
A15: 2032 | B15: =B14+K$4 -> 0.047317768 | C15: =C14+L$4 -> 0.14815241 | D15: =D14+M$4 -> 0.19510024 | E15: =E14+N$4 -> 0.14653101 | F15: =F14+O$4 -> 0.46289858 | G15: =B15*$B$1+C15*$C$1+D15*$D$1+E15*$E$1+F15*$F$1 -> 0.45400889 | H15: =H14*(1-$L$14) -> 0.87282278 | I15: =G15*$L$9*H15 -> 0.39142291
A16: 2033 | B16: =B15+K$4 -> 0.047353075 | C16: =C15+L$4 -> 0.15761378 | D16: =D15+M$4 -> 0.20622249 | E16: =E15+N$4 -> 0.14736779 | F16: =F15+O$4 -> 0.44144286 | G16: =B16*$B$1+C16*$C$1+D16*$D$1+E16*$E$1+F16*$F$1 -> 0.43465624 | H16: =H15*(1-$L$14) -> 0.85973044 | I16: =G16*$L$9*H16 -> 0.36911699
A17: 2034 | B17: =B16+K$4 -> 0.047388383 | C17: =C16+L$4 -> 0.16707516 | D17: =D16+M$4 -> 0.21734474 | E17: =E16+N$4 -> 0.14820457 | F17: =F16+O$4 -> 0.41998715 | G17: =B17*$B$1+C17*$C$1+D17*$D$1+E17*$E$1+F17*$F$1 -> 0.4153036 | H17: =H16*(1-$L$14) -> 0.84683449 | I17: =G17*$L$9*H17 -> 0.34739218
A18: 2035 | B18: =B17+K$4 -> 0.04742369 | C18: =C17+L$4 -> 0.17653654 | D18: =D17+M$4 -> 0.22846699 | E18: =E17+N$4 -> 0.14904134 | F18: =F17+O$4 -> 0.39853144 | G18: =B18*$B$1+C18*$C$1+D18*$D$1+E18*$E$1+F18*$F$1 -> 0.39595095 | H18: =H17*(1-$L$14) -> 0.83413197 | I18: =G18*$L$9*H18 -> 0.32623607
A19: 2036 | B19: =B18+K$4 -> 0.047458998 | C19: =C18+L$4 -> 0.18599792 | D19: =D18+M$4 -> 0.23958924 | E19: =E18+N$4 -> 0.14987812 | F19: =F18+O$4 -> 0.37707572 | G19: =B19*$B$1+C19*$C$1+D19*$D$1+E19*$E$1+F19*$F$1 -> 0.37659831 | H19: =H18*(1-$L$14) -> 0.82161999 | I19: =G19*$L$9*H19 -> 0.30563647
A20: 2037 | B20: =B19+K$4 -> 0.047494305 | C20: =C19+L$4 -> 0.1954593 | D20: =D19+M$4 -> 0.25071149 | E20: =E19+N$4 -> 0.1507149 | F20: =F19+O$4 -> 0.35562001 | G20: =B20*$B$1+C20*$C$1+D20*$D$1+E20*$E$1+F20*$F$1 -> 0.35724566 | H20: =H19*(1-$L$14) -> 0.80929569 | I20: =G20*$L$9*H20 -> 0.28558146
A21: 2038 | B21: =B20+K$4 -> 0.047529613 | C21: =C20+L$4 -> 0.20492068 | D21: =D20+M$4 -> 0.26183374 | E21: =E20+N$4 -> 0.15155168 | F21: =F20+O$4 -> 0.33416429 | G21: =B21*$B$1+C21*$C$1+D21*$D$1+E21*$E$1+F21*$F$1 -> 0.33789302 | H21: =H20*(1-$L$14) -> 0.79715625 | I21: =G21*$L$9*H21 -> 0.26605933
A22: 2039 | B22: =B21+K$4 -> 0.04756492 | C22: =C21+L$4 -> 0.21438206 | D22: =D21+M$4 -> 0.27295598 | E22: =E21+N$4 -> 0.15238846 | F22: =F21+O$4 -> 0.31270858 | G22: =B22*$B$1+C22*$C$1+D22*$D$1+E22*$E$1+F22*$F$1 -> 0.31854037 | H22: =H21*(1-$L$14) -> 0.78519891 | I22: =G22*$L$9*H22 -> 0.2470586
A23: 2040 | B23: =B22+K$4 -> 0.047600228 | C23: =C22+L$4 -> 0.22384343 | D23: =D22+M$4 -> 0.28407823 | E23: =E22+N$4 -> 0.15322524 | F23: =F22+O$4 -> 0.29125287 | G23: =B23*$B$1+C23*$C$1+D23*$D$1+E23*$E$1+F23*$F$1 -> 0.29918772 | H23: =H22*(1-$L$14) -> 0.77342093 | I23: =G23*$L$9*H23 -> 0.22856804
A24: 2041 | B24: =B23+K$4 -> 0.047635535 | C24: =C23+L$4 -> 0.23330481 | D24: =D23+M$4 -> 0.29520048 | E24: =E23+N$4 -> 0.15406202 | F24: =F23+O$4 -> 0.26979715 | G24: =B24*$B$1+C24*$C$1+D24*$D$1+E24*$E$1+F24*$F$1 -> 0.27983508 | H24: =H23*(1-$L$14) -> 0.76181961 | I24: =G24*$L$9*H24 -> 0.2105766
A25: 2042 | B25: =B24+K$4 -> 0.047670843 | C25: =C24+L$4 -> 0.24276619 | D25: =D24+M$4 -> 0.30632273 | E25: =E24+N$4 -> 0.1548988 | F25: =F24+O$4 -> 0.24834144 | G25: =B25*$B$1+C25*$C$1+D25*$D$1+E25*$E$1+F25*$F$1 -> 0.26048243 | H25: =H24*(1-$L$14) -> 0.75039232 | I25: =G25*$L$9*H25 -> 0.19307348
A26: 2043 | B26: =B25+K$4 -> 0.04770615 | C26: =C25+L$4 -> 0.25222757 | D26: =D25+M$4 -> 0.31744498 | E26: =E25+N$4 -> 0.15573557 | F26: =F25+O$4 -> 0.22688573 | G26: =B26*$B$1+C26*$C$1+D26*$D$1+E26*$E$1+F26*$F$1 -> 0.24112979 | H26: =H25*(1-$L$14) -> 0.73913643 | I26: =G26*$L$9*H26 -> 0.17604808
... A32: 2049 | B32: =B31+K$4 -> 0.047917995 | C32: =C31+L$4 -> 0.30899584 | D32: =D31+M$4 -> 0.38417848 | E32: =E31+N$4 -> 0.16075625 | F32: =F31+O$4 -> 0.098151443 | G32: =B32*$B$1+C32*$C$1+D32*$D$1+E32*$E$1+F32*$F$1 -> 0.12501391 | H32: =H31*(1-$L$14) -> 0.67505941 | I32: =G32*$L$9*H32 -> 0.083359703
A33: 2050 | B33: 0.047953303 | C33: 0.31845722 | D33: 0.39530072 | E33: 0.16159302 | F33: 0.076695729 | G33: =B33*$B$1+C33*$C$1+D33*$D$1+E33*$E$1+F33*$F$1 -> 0.10566127 | H33: =H32*(1-$L$14) -> 0.66493351 | I33: =G33*$L$9*H33 -> 0.069398464
B37: 皱纹盘鲍 | E37: 绿盘鲍
B38: mean | C38: max | D38: min | E38: mean | F38: max | G38: min | J38: 市场售卖鲍鱼品种比例
A39: 电力input | B39: ='Case (Ave)'!C27 -> 805.56256 | C39: ='Case (Ave)'!I27 -> 1212.7863 | D39: ='Case (Ave)'!O27 -> 603.06739 | E39: ='Case (Ave)'!C67 -> 397.97713 | F39: ='Case (Ave)'!I67 -> 484.65935 | G39: ='Case (Ave)'!O67 -> 337.59723 | J39: 数据时间 | K39: 皱纹盘鲍 | L39: 绿盘鲍
A40: 其他CF | B40: ='Case (Ave)'!D28 -> 1022.6394 | C40: ='Case (Ave)'!J28 -> 1425.2746 | D40: ='Case (Ave)'!P28 -> 822.42599 | E40: ='Case (Ave)'!D68 -> 549.33925 | F40: ='Case (Ave)'!J68 -> 626.4528 | G40: ='Case (Ave)'!P68 -> 495.48948 | J40: 2020 | K40: 0.95 | L40: 0.05
J41: 2021 | K41: 0.95 | L41: 0.05
J42: 2022 | K42: 0.925 | L42: 0.075
J43: 2023 | K43: 0.7 | L43: 0.3
J44: 2024 | K44: 0.35 | L44: 0.65
B46: 皱纹盘鲍 | E46: 绿盘鲍 | J46: 一吨鲍鱼碳足迹 | O46: 加温度
B47: mean | C47: max | D47: min | E47: mean | F47: max | G47: min | J47: mean | K47: max | L47: min | O47: mean | P47: max | Q47: min
A48: 2020 | B48: =B$39*$I3+B$40 -> 1537.3871 | C48: =C$39*$I3+C$40 -> 2200.2348 | D48: =D$39*$I3+D$40 -> 1207.781 | E48: =E$39*$I3+E$40 -> 803.64328 | F48: =F$39*$I3+F$40 -> 936.14604 | G48: =G$39*$I3+G$40 -> 711.21127 | I48: 2020 | J48: =B48*$K40+E48*$L40 -> 1500.6999 | K48: =C48*$K40+F48*$L40 -> 2137.0304 | L48: =D48*$K40+G48*$L40 -> 1182.9525 | N48: 2020 | O48: =J48/Temperature!$G15 -> 1500.6999 | P48: =K48/Temperature!$G15 -> 2137.0304 | Q48: =L48/Temperature!$G15 -> 1182.9525
A49: 2021 | B49: =B$39*$I4+B$40 -> 1537.3871 | C49: =C$39*$I4+C$40 -> 2200.2348 | D49: =D$39*$I4+D$40 -> 1207.781 | E49: =E$39*$I4+E$40 -> 803.64328 | F49: =F$39*$I4+F$40 -> 936.14604 | G49: =G$39*$I4+G$40 -> 711.21127 | I49: 2021 | J49: =B49*$K41+E49*$L41 -> 1500.6999 | K49: =C49*$K41+F49*$L41 -> 2137.0304 | L49: =D49*$K41+G49*$L41 -> 1182.9525 | N49: 2021 | O49: =J49/Temperature!$G16 -> 1505.6435 | P49: =K49/Temperature!$G16 -> 2144.0701 | Q49: =L49/Temperature!$G16 -> 1186.8493
A50: 2022 | B50: =B$39*$I5+B$40 -> 1537.3871 | C50: =C$39*$I5+C$40 -> 2200.2348 | D50: =D$39*$I5+D$40 -> 1207.781 | E50: =E$39*$I5+E$40 -> 803.64328 | F50: =F$39*$I5+F$40 -> 936.14604 | G50: =G$39*$I5+G$40 -> 711.21127 | I50: 2022 | J50: =B50*$K42+E50*$L42 -> 1482.3563 | K50: =C50*$K42+F50*$L42 -> 2105.4282 | L50: =D50*$K42+G50*$L42 -> 1170.5382 | N50: 2022 | O50: =J50/Temperature!$G17 -> 1492.0797 | P50: =K50/Temperature!$G17 -> 2119.2385 | Q50: =L50/Temperature!$G17 -> 1178.2163
A51: 2023 | B51: =B$39*$I6+B$40 -> 1522.491 | C51: =C$39*$I6+C$40 -> 2177.8085 | D51: =D$39*$I6+D$40 -> 1196.6293 | E51: =E$39*$I6+E$40 -> 796.28405 | F51: =F$39*$I6+F$40 -> 927.18393 | G51: =G$39*$I6+G$40 -> 704.96856 | I51: 2023 | J51: =B51*$K43+E51*$L43 -> 1304.6289 | K51: =C51*$K43+F51*$L43 -> 1802.6211 | L51: =D51*$K43+G51*$L43 -> 1049.1311 | N51: 2023 | O51: =J51/Temperature!$G18 -> 1316.6101 | P51: =K51/Temperature!$G18 -> 1819.1756 | Q51: =L51/Temperature!$G18 -> 1058.7659
A52: 2024 | B52: =B$39*$I7+B$40 -> 1499.8251 | C52: =C$39*$I7+C$40 -> 2143.6847 | D52: =D$39*$I7+D$40 -> 1179.661 | E52: =E$39*$I7+E$40 -> 785.08628 | F52: =F$39*$I7+F$40 -> 913.5472 | G52: =G$39*$I7+G$40 -> 695.46968 | I52: 2024 | J52: =B52*$K$44+E52*$L$44 -> 1035.2449 | K52: =C52*$K$44+F52*$L$44 -> 1344.0953 | L52: =D52*$K$44+G52*$L$44 -> 864.93663 | N52: 2024 | O52: =J52/Temperature!$G19 -> 1046.4771 | P52: =K52/Temperature!$G19 -> 1358.6785 | Q52: =L52/Temperature!$G19 -> 874.32101
A53: 2025 | B53: =B$39*$I8+B$40 -> 1477.7267 | C53: =C$39*$I8+C$40 -> 2110.4152 | D53: =D$39*$I8+D$40 -> 1163.1175 | E53: =E$39*$I8+E$40 -> 774.16888 | F53: =F$39*$I8+F$40 -> 900.25191 | G53: =G$39*$I8+G$40 -> 686.20864 | I53: 2025 | J53: =B53*$K$44+E53*$L$44 -> 1020.4141 | K53: =C53*$K$44+F53*$L$44 -> 1323.8091 | L53: =D53*$K$44+G53*$L$44 -> 853.12673 | N53: 2025 | O53: =J53/Temperature!$G20 -> 1034.2909 | P53: =K53/Temperature!$G20 -> 1341.8117 | Q53: =L53/Temperature!$G20 -> 864.72851
A54: 2026 | B54: =B$39*$I9+B$40 -> 1456.1839 | C54: =C$39*$I9+C$40 -> 2077.9822 | D54: =D$39*$I9+D$40 -> 1146.9899 | E54: =E$39*$I9+E$40 -> 763.52596 | F54: =F$39*$I9+F$40 -> 887.29089 | G54: =G$39*$I9+G$40 -> 677.18043 | I54: 2026 | J54: =B54*$K$44+E54*$L$44 -> 1005.9563 | K54: =C54*$K$44+F54*$L$44 -> 1304.0329 | L54: =D54*$K$44+G54*$L$44 -> 841.61375 | N54: 2026 | O54: =J54/Temperature!$G21 -> 1022.4172 | P54: =K54/Temperature!$G21 -> 1325.3713 | Q54: =L54/Temperature!$G21 -> 855.38546
A55: 2027 | B55: =B$39*$I10+B$40 -> 1435.185 | C55: =C$39*$I10+C$40 -> 2046.3681 | D55: =D$39*$I10+D$40 -> 1131.2695 | E55: =E$39*$I10+E$40 -> 753.15174 | F55: =F$39*$I10+F$40 -> 874.65709 | G55: =G$39*$I10+G$40 -> 668.38015 | I55: 2027 | J55: =B55*$K$44+E55*$L$44 -> 991.86339 | K55: =C55*$K$44+F55*$L$44 -> 1284.7559 | L55: =D55*$K$44+G55*$L$44 -> 830.39144 | N55: 2027 | O55: =J55/Temperature!$G22 -> 1010.8505 | P55: =K55/Temperature!$G22 -> 1309.3499 | Q55: =L55/Temperature!$G22 -> 846.28754
A56: 2028 | B56: =B$39*$I11+B$40 -> 1414.7185 | C56: =C$39*$I11+C$40 -> 2015.5555 | D56: =D$39*$I11+D$40 -> 1115.9477 | E56: =E$39*$I11+E$40 -> 743.04055 | F56: =F$39*$I11+F$40 -> 862.34361 | G56: =G$39*$I11+G$40 -> 659.803 | I56: 2028 | J56: =B56*$K$44+E56*$L$44 -> 978.12785 | K56: =C56*$K$44+F56*$L$44 -> 1265.9678 | L56: =D56*$K$44+G56*$L$44 -> 819.45366 | N56: 2028 | O56: =J56/Temperature!$G23 -> 999.58562 | P56: =K56/Temperature!$G23 -> 1293.74 | Q56: =L56/Temperature!$G23 -> 837.4305
A57: 2029 | B57: =B$39*$I12+B$40 -> 1394.7732 | C57: =C$39*$I12+C$40 -> 1985.5275 | D57: =D$39*$I12+D$40 -> 1101.0161 | E57: =E$39*$I12+E$40 -> 733.18684 | F57: =F$39*$I12+F$40 -> 850.3437 | G57: =G$39*$I12+G$40 -> 651.44427 | I57: 2029 | J57: =B57*$K$44+E57*$L$44 -> 964.74208 | K57: =C57*$K$44+F57*$L$44 -> 1247.658 | L57: =D57*$K$44+G57*$L$44 -> 808.79441 | N57: 2029 | O57: =J57/Temperature!$G24 -> 988.61718 | P57: =K57/Temperature!$G24 -> 1278.5346 | Q57: =L57/Temperature!$G24 -> 828.81017
A58: 2030 | B58: =B$39*$I13+B$40 -> 1375.3381 | C58: =C$39*$I13+C$40 -> 1956.2676 | D58: =D$39*$I13+D$40 -> 1086.4664 | E58: =E$39*$I13+E$40 -> 723.58516 | F58: =F$39*$I13+F$40 -> 838.6507 | G58: =G$39*$I13+G$40 -> 643.29933 | I58: 2030 | J58: =B58*$K$44+E58*$L$44 -> 951.69867 | K58: =C58*$K$44+F58*$L$44 -> 1229.8166 | L58: =D58*$K$44+G58*$L$44 -> 798.40779 | N58: 2030 | O58: =J58/Temperature!$G25 -> 977.94007 | P58: =K58/Temperature!$G25 -> 1263.7266 | Q58: =L58/Temperature!$G25 -> 820.42246
A59: 2031 | B59: =B$39*$I14+B$40 -> 1356.4022 | C59: =C$39*$I14+C$40 -> 1927.7594 | D59: =D$39*$I14+D$40 -> 1072.2904 | E59: =E$39*$I14+E$40 -> 714.23017 | F59: =F$39*$I14+F$40 -> 827.25812 | G59: =G$39*$I14+G$40 -> 635.36364 | I59: 2031 | J59: =B59*$K$44+E59*$L$44 -> 938.99038 | K59: =C59*$K$44+F59*$L$44 -> 1212.4336 | L59: =D59*$K$44+G59*$L$44 -> 788.28802 | N59: 2031 | O59: =J59/Temperature!$G26 -> 967.54921 | P59: =K59/Temperature!$G26 -> 1249.309 | Q59: =L59/Temperature!$G26 -> 812.26333
A60: 2032 | B60: =B$39*$I15+B$40 -> 1337.9551 | C60: =C$39*$I15+C$40 -> 1899.9869 | D60: =D$39*$I15+D$40 -> 1058.4804 | E60: =E$39*$I15+E$40 -> 705.11661 | F60: =F$39*$I15+F$40 -> 816.15958 | G60: =G$39*$I15+G$40 -> 627.63277 | I60: 2032 | J60: =B60*$K$44+E60*$L$44 -> 926.61008 | K60: =C60*$K$44+F60*$L$44 -> 1195.4991 | L60: =D60*$K$44+G60*$L$44 -> 778.42944 | N60: 2032 | O60: =J60/Temperature!$G27 -> 957.43963 | P60: =K60/Temperature!$G27 -> 1235.275 | Q60: =L60/Temperature!$G27 -> 804.32883
A61: 2033 | B61: =B$39*$I16+B$40 -> 1319.9863 | C61: =C$39*$I16+C$40 -> 1872.9346 | D61: =D$39*$I16+D$40 -> 1045.0284 | E61: =E$39*$I16+E$40 -> 696.23937 | F61: =F$39*$I16+F$40 -> 805.3488 | G61: =G$39*$I16+G$40 -> 620.10235 | I61: 2033 | J61: =B61*$K$44+E61*$L$44 -> 914.55078 | K61: =C61*$K$44+F61*$L$44 -> 1179.0038 | L61: =D61*$K$44+G61*$L$44 -> 768.82648 | N61: 2033 | O61: =J61/Temperature!$G28 -> 947.60645 | P61: =K61/Temperature!$G28 -> 1221.6179 | Q61: =L61/Temperature!$G28 -> 796.61506
A62: 2034 | B62: =B$39*$I17+B$40 -> 1302.4856 | C62: =C$39*$I17+C$40 -> 1846.5871 | D62: =D$39*$I17+D$40 -> 1031.9269 | E62: =E$39*$I17+E$40 -> 687.59339 | F62: =F$39*$I17+F$40 -> 794.81967 | G62: =G$39*$I17+G$40 -> 612.76812 | I62: 2034 | J62: =B62*$K$44+E62*$L$44 -> 902.80565 | K62: =C62*$K$44+F62*$L$44 -> 1162.9383 | L62: =D62*$K$44+G62*$L$44 -> 759.47369 | N62: 2034 | O62: =J62/Temperature!$G29 -> 938.04487 | P62: =K62/Temperature!$G29 -> 1208.3312 | Q62: =L62/Temperature!$G29 -> 789.11823
A63: 2035 | B63: =B$39*$I18+B$40 -> 1285.443 | C63: =C$39*$I18+C$40 -> 1820.9292 | D63: =D$39*$I18+D$40 -> 1019.1683 | E63: =E$39*$I18+E$40 -> 679.17374 | F63: =F$39*$I18+F$40 -> 784.56616 | G63: =G$39*$I18+G$40 -> 605.62587 | I63: 2035 | J63: =B63*$K$44+E63*$L$44 -> 891.36798 | K63: =C63*$K$44+F63*$L$44 -> 1147.2932 | L63: =D63*$K$44+G63*$L$44 -> 750.36573 | N63: 2035 | O63: =J63/Temperature!$G30 -> 928.75017 | P63: =K63/Temperature!$G30 -> 1195.4084 | Q63: =L63/Temperature!$G30 -> 781.83457
... A78: 2050 | B78: =B$39*$I33+B$40 -> 1078.5442 | C78: =C$39*$I33+C$40 -> 1509.4401 | D78: =D$39*$I33+D$40 -> 864.27794 | E78: =E$39*$I33+E$40 -> 576.95825 | F78: =F$39*$I33+F$40 -> 660.08742 | G78: =G$39*$I33+G$40 -> 518.91821 | I78: 2050 | J78: =B78*$K$44+E78*$L$44 -> 752.51335 | K78: =C78*$K$44+F78*$L$44 -> 957.36085 | L78: =D78*$K$44+G78*$L$44 -> 639.79412 | N78: 2050 | O78: =J78/Temperature!$G45 -> 818.39407 | P78: =K78/Temperature!$G45 -> 1041.1755 | Q78: =L78/Temperature!$G45 -> 695.80654

Sheet Case(Mode_Orl_Gene)
B1: 工厂化 | C1: 南北 | E1: 本地 | P1: input | Q1: CF
C2: 陆运 | D2: 海运 | E2: 渔排（筏式） | F2: 延绳 | H2: 1t | I2: FRCM-Raft | M2: 饲料 | N2: 龙须菜 | O2: t | P2: =J3 -> 20 | Q2: =K3 -> 132.85667
A3: 2020 | B3: 0.01 | C3: 0.165 | D3: 0.165 | E3: 0.54600548 | F3: 0.11399452 | H3: 饲料 | I3: 龙须菜 | J3: 20 | K3: 132.85667 | M3: 设备 | N3: 小型工作船（9m） | O3: item | P3: =J4*$E$9+J17*$F$9+J37*$C$9+J61*$D$9+J45*$C$9+J69*$D$9 -> 0.00059459859 | Q3: =K4*$E$9+K17*$F$9+K37*$C$9+K61*$D$9+K45*$C$9+K69*$D$9 -> 3.0167123
A4: 2021 | B4: 0.01 | C4: 0.165 | D4: 0.165 | E4: 0.54600548 | F4: 0.11399452 | H4: 设备 | I4: 小型工作船（9m） | J4: 0.00097776688 | K4: 4.9617367 | M4: 能源 | N4: 柴油 | O4: kg | P4: =J5*$E$9+J18*$F$9+J36*$C$9+J44*$C$9+J60*$D$9+J68*$D$9 -> 3.5411241 | Q4: =K5*$E$9+K18*$F$9+K36*$C$9+K44*$C$9+K60*$D$9+K68*$D$9 -> 1.5319003
A5: 2022 | B5: 0.01 | C5: 0.165 | D5: 0.165 | E5: 0.54600548 | F5: 0.11399452 | H5: 能源 | I5: 柴油 | J5: 7.2607991 | K5: 3.0500856 | N5: 电 | O5: kwh | P5: =J79*$B$9 -> 48.888344 | Q5: =K79*$B$9 -> 31.23924
A6: 2023 | B6: 0.01 | C6: 0.165 | D6: 0.165 | E6: 0.54600548 | F6: 0.11399452 | H6: 基建 | I6: 彩钢活动板房 | J6: 0.68158174 | K6: 1.3337835 | M6: 基建 | N6: 彩钢活动板房 | O6: kg | P6: =J6*$E$9 -> 0.27629122 | Q6: =K6*$E$9 -> 0.54067277
A7: 2024 | B7: 0.01 | C7: 0.165 | D7: 0.165 | E7: 0.54600548 | F7: 0.11399452 | I7: 养殖笼 | J7: 44.93535 | K7: 107.14456 | N7: 养殖笼 | O7: kg | P7: =J7*$E$9+J20*$F$9+J48*$C$9+J72*$D$9+J82*$B$9 -> 41.648421 | Q7: =K7*$E$9+K20*$F$9+K48*$C$9+K72*$D$9+K82*$B$9 -> 99.308877
I8: 渔排浮板 | J8: 3.0571251 | K8: 7.2894576 | N8: 渔排浮板 | O8: kg | P8: =J8*$E$9+J39*$C$9+J63*$D$9 -> 2.5351553 | Q8: =K8*$E$9+K39*$C$9+K63*$D$9 -> 6.0448647
A9: 2050 | B9: 0.01 | C9: 0.25 | D9: 0.25 | E9: 0.4053677 | F9: 0.084632298 | H9: 运输 | I9: 龙须菜运输 | J9: 300 | K9: 65.478973 | N9: 泡沫浮球 | O9: kg | P9: =J41*$C$9+J47*$C$9+J65*$D$9+J71*$D$9 -> 8.5516714 | Q9: =K41*$C$9+K47*$C$9+K65*$D$9+K71*$D$9 -> 20.389313
I10: 幼苗运输 | J10: 7.0418771 | K10: 1.5370388 | N10: 木桩 | O10: m3 | P10: =J40*$C$9+J64*$D$9 -> 0.00041463427 | Q10: =K40*$C$9+K64*$D$9 -> 0
H11: 其他 | I11: 鲍鱼幼苗 | J11: 19555.338 | K11: 451.55159 | N11: 基建电力 | O11: kwh | P11: =J80*$B$9 -> 0.054319024 | Q11: =K80*$B$9 -> 0.034709399
K12: 775.2039 | N12: 塑料管道 | O12: kg | P12: =J81*$B$9 -> 0.039137417 | Q12: =K81*$B$9 -> 0.40168387
N13: 混凝土 | O13: kg | P13: =J83*$B$9 -> 0.0014997673 | Q13: =K83*$B$9 -> 0.42509818
I14: FRCM-longline | N14: 聚乙烯绳 | O14: kg | P14: =J19*$F$9+J38*$C$9+J46*$C$9+J62*$D$9+J70*$D$9 -> 2.1731974 | Q14: =K19*$F$9+K38*$C$9+K46*$C$9+K62*$D$9+K70*$D$9 -> 5.1816145
H15: 1t | J15: input | K15: CF | N15: 养殖扣盆 | O15: kg | P15: =J42*$C$9+J66*$D$9 -> 1.5839824 | Q15: =K42*$C$9+K66*$D$9 -> 3.7766644
H16: 饲料 | I16: 龙须菜 | J16: 20 | K16: 132.85667 | M16: 运输 | N16: 幼苗运输 | O16: tkm | P16: =J10*$E$9+J22*$F$9+J33*$C$9+J57*$D$9+J85*$B$9 -> 3.6226626 | Q16: =K10*$E$9+K22*$F$9+K33*$C$9+K57*$D$9+K85*$B$9 -> 0.78977696
H17: 设备 | I17: 小型工作船（9m） | J17: 0.00053723455 | K17: 2.726229 | N17: 龙须菜运输 | O17: tkm | P17: =J9*$E$9+J21*$F$9+J32*$C$9+J56*$D$9+J84*$B$9 -> 276.2 | Q17: =K9*$E$9+K21*$F$9+K32*$C$9+K56*$D$9+K84*$B$9 -> 57.836433
H18: 能源 | I18: 柴油 | J18: 4.0614932 | K18: 2.0072376 | N18: 陆运 | O18: tkm | P18: =J30*$C$9 -> 151.3134 | Q18: =K30*$C$9 -> 33.026154
H19: 基建 | I19: 主绳（聚乙烯） | J19: 23.079229 | K19: 55.030481 | N19: 海运 | O19: tkm | P19: =J55*$D$9 -> 143.542 | Q19: =K55*$D$9 -> 1.3491047
I20: 养殖笼 | J20: 197.87941 | K20: 471.82683 | M20: 鲍鱼幼苗 | N20: 鲍鱼幼苗 | O20: item | P20: =J11*$E$9+J23*$F$9+J34*$C$9+J58*$D$9+J86*$B$9 -> 15832.839 | Q20: =K11*$E$9+K23*$F$9+K34*$C$9+K58*$D$9+K86*$B$9 -> 366.16008
H21: 运输 | I21: 龙须菜运输 | J21: 300 | K21: 65.478973 | P21: 1粒苗 | Q21: =SUM(Q2:Q20) -> 763.90957
I22: 幼苗运输 | J22: 7.0418771 | K22: 1.5370388 | M22: 1粒苗 | N22: 育苗设备用电 | O22: kwh | P22: =[2]皱纹盘鲍1tinput!W21 -> 0.021119647 | Q22: =[2]皱纹盘鲍1tinput!X21 -> 0.013495277
H23: 幼苗 | I23: 鲍鱼幼苗 | J23: 19555.338 | K23: 451.55159 | N23: 其他部分 | Q23: =[2]皱纹盘鲍1tinput!X22 -> 0.009595687
Q24: =SUM(Q22:Q23) -> 0.023090964
K26: 1183.015 | M26: 1粒苗 | N26: 基建 | Q26: 0.0048985818
N27: 其他部分 | Q27: 0.018192382
G28: SNCM-陆运
G29: 饲料 | H29: 龙须菜 | I29: t | J29: 20 | K29: 132.85667
G30: 运输 | H30: 陆运 | I30: tkm | J30: 605.25361 | K30: 132.10461
H31: 海运 | I31: tkm | J31: 0 | K31: 0
H32: 龙须菜运输 | I32: tkm | J32: 200 | K32: 43.652648
H33: 幼苗运输 | I33: tkm | J33: 0.31777424 | K33: 0.069691927
G34: 苗 | H34: 鲍鱼幼苗 | I34: item | J34: 12222.086 | K34: 282.21974
G35: 南方养殖（晋江市）
G36: 能源 | H36: 柴油 | I36: kg | J36: 0.36959588 | K36: 0.18271563
G37: 设备 | H37: 小型工作船（9m） | I37: item | J37: 0.00020370143 | K37: 1.0319291
G38: 基建 | H38: 聚乙烯绳 | I38: kg | J38: 0.10853212 | K38: 0.26045961
H39: 渔排浮板 | I39: kg | J39: 2.5917911 | K39: 6.179908
H40: 木桩 | I40: kg | J40: 0.00082926854 | K40: 0
H41: 浮球 | I41: kg | J41: 5.5967376 | K41: 13.343546
H42: 养殖扣盆 | I42: kg | J42: 3.1679647 | K42: 7.5533287
G43: 北方养殖（荣成市）
G44: 能源 | H44: 柴油 | I44: kg | J44: 0.13859846 | K44: 0.068518363
G45: 设备 | H45: 小型工作船（9m） | I45: m3 | J45: 0.00010185072 | K45: 0.51738593
G46: 基建 | H46: 聚乙烯绳 | I46: kg | J46: 0.33136642 | K46: 0.78805728
H47: 浮球 | I47: kg | J47: 11.506605 | K47: 27.435079
H48: 养殖笼 | I48: kg | J48: 9.9304449 | K48: 23.681789
K49: 671.94609
G52: SNCM-海运
G53: 饲料 | H53: 龙须菜 | I53: t | J53: 20 | K53: 132.85667
G54: 运输 | H54: 陆运 | I54: tkm | J54: 0 | K54: 0
H55: 海运 | I55: tkm | J55: 574.16801 | K55: 5.3964187
H56: 龙须菜运输 | I56: tkm | J56: 200 | K56: 43.652648
H57: 幼苗运输 | I57: tkm | J57: 0.31777424 | K57: 0.069691927
G58: 苗 | H58: 鲍鱼幼苗 | I58: item | J58: 12222.086 | K58: 282.21974
G59: 南方养殖（晋江市） | J59: 0 | K59: 0
G60: 能源 | H60: 柴油 | I60: kg | J60: 0.36959588 | K60: 0.18271563
G61: 设备 | H61: 小型工作船（9m） | I61: item | J61: 0.00020370143 | K61: 1.0319291
G62: 基建 | H62: 聚乙烯绳 | I62: kg | J62: 0.10853212 | K62: 0.26045961
H63: 渔排浮板 | I63: kg | J63: 2.5917911 | K63: 6.179908
H64: 木桩 | I64: kg | J64: 0.00082926854 | K64: 0
H65: 浮球 | I65: kg | J65: 5.5967376 | K65: 13.343546
H66: 养殖扣盆 | I66: kg | J66: 3.1679647 | K66: 7.5533287
G67: 北方养殖（荣成市） | J67: 0 | K67: 0
G68: 能源 | H68: 柴油 | I68: kg | J68: 0.13859846 | K68: 0.068518363
G69: 设备 | H69: 小型工作船（9m） | I69: m3 | J69: 0.00010185072 | K69: 0.51738593
G70: 基建 | H70: 聚乙烯绳 | I70: kg | J70: 0.33136642 | K70: 0.78805728
H71: 浮球 | I71: kg | J71: 11.506605 | K71: 27.435079
H72: 养殖笼 | I72: kg | J72: 9.9304449 | K72: 23.681789
K73: 545.23789
J77: input | K77: CF
F78: 饲料 | G78: 龙须菜 | H78: 龙须菜 | I78: t | J78: 20 | K78: 132.85667
F79: 能源 | G79: 电 | H79: 电 | I79: kg | J79: 4888.8344 | K79: 3123.924
F80: 基建 | G80: 基建电力 | H80: 电 | I80: m3 | J80: 5.4319024 | K80: 3.4709399
G81: 塑料管道 | H81: 聚乙烯管 | I81: kg | J81: 3.9137417 | K81: 40.168387
G82: 养殖笼 | H82: 高密度聚乙烯 | I82: kg | J82: 172.08697 | K82: 410.32481
G83: 混凝土 | H83: 混凝土 | I83: kg | J83: 0.14997673 | K83: 42.509818
F84: 运输 | G84: 龙须菜运输 | H84: 卡车 | I84: tkm | J84: 2920 | K84: 392.5412
G85: 幼苗运输 | H85: 卡车 | I85: tkm | J85: 1.3255725 | K85: 0.17819889
F86: 苗 | G86: 幼苗 | I86: item | J86: 13968.098 | K86: 378.99303
K87: 4524.9671

Sheet Case(Mode_Orl_NoGe)
B1: 工厂化 | C1: 南北 | E1: 本地 | I1: 1t | J1: FRCM-Raft | K1: 的皱纹盘鲍 | T1: input | U1: CF
C2: 陆运 | D2: 海运 | E2: 渔排（筏式） | F2: 延绳 | I2: 饲料 | J2: 龙须菜 | K2: 20 | L2: 132.85667 | N2: t | Q2: 饲料 | R2: 龙须菜 | S2: t | T2: 20 | U2: =L2 -> 132.85667
A3: 2020 | B3: 0.01 | C3: 0.165 | D3: 0.165 | E3: 0.54600548 | F3: 0.11399452 | I3: 设备 | J3: 小型工作船（9m） | K3: 0.0019791399 | L3: 10.043264 | N3: item | Q3: 设备 | R3: 小型工作船（9m） | S3: item | T3: =K3*E3+K15*F3 -> 0.0014566397 | U3: =L3*E9+L15*F9 -> 5.4878557
A4: 2021 | B4: 0.01 | C4: 0.165 | D4: 0.165 | E4: 0.54600548 | F4: 0.11399452 | I4: 能源 | J4: 柴油 | K4: 14.696895 | L4: 6.173809 | N4: kg | Q4: 能源 | R4: 柴油 | S4: kg | T4: =K4*E9+K16*F9+L35*C9+L41*C9+L56*D9+L62*D9 -> 16.145215 | U4: =L4*E9+L16*F9+M35*C9+M41*C9+M56*D9+M62*D9 -> 7.5373945
A5: 2022 | B5: 0.01 | C5: 0.165 | D5: 0.165 | E5: 0.54600548 | F5: 0.11399452 | I5: 基建 | J5: 彩钢活动板房 | K5: 1.3796188 | L5: 2.6997684 | N5: kg | R5: 电 | S5: kwh | T5: =M71*B3 -> 98.956994 | U5: =N71*B9 -> 63.232685
A6: 2023 | B6: 0.01 | C6: 0.165 | D6: 0.165 | E6: 0.54600548 | F6: 0.11399452 | J6: 养殖笼 | K6: 90.955568 | L6: 216.8759 | N6: kg | Q6: 基建 | R6: 彩钢活动板房 | S6: kg | T6: =K5*E3 -> 0.75327943 | U6: =L5*E9 -> 1.0943989
A7: 2024 | J7: 渔排浮板 | K7: 6.1880579 | L7: 14.754904 | N7: kg | R7: 养殖笼 | S7: kg | T7: =K6*E9+K19*F9+L38*C9+L44*C9+L59*D9+L65*D9+M74*B9 -> 139.73783 | U7: =T7/L38*M38 -> 333.19141
I8: 运输 | J8: 龙须菜运输 | K8: 300 | L8: 65.478973 | N8: tkm | R8: 渔排浮板 | S8: kg | T8: =K7*E9 -> 2.5084388 | U8: =L7*E9 -> 5.9811614
A9: 2050 | B9: 0.01 | C9: 0.25 | D9: 0.25 | E9: 0.4053677 | F9: 0.084632298 | J9: 幼苗运输 | K9: 14.253765 | L9: 3.1111861 | N9: tkm | R9: 尼龙6 | S9: kg | T9: =K18*F9+L37*C9+L43*C9+L58*D9+L64*D9 -> 2.705732 | U9: =L18*F9+M37*C9+M43*C9+M58*D9+M64*D9 -> 26.706815
I10: 其他 | J10: 鲍鱼幼苗 | K10: 39582.797 | L10: 914.00493 | N10: p（成活率50%） | R10: 泡沫浮球 | S10: kg | T10: =K20*F9+L39*C9+L45*C9+L60*D9+L66*D9 -> 33.145048 | U10: =L20*F9+M39*C9+M45*C9+M60*D9+M66*D9 -> 79.031165
L11: 1365.9994 | R11: 木桩 | S11: m3 | T11: =K17*F9+L36*C9+L42*C9+L57*D9+L63*D9 -> 0.035462053 | U11: 0
R12: 基建电力 | S12: kwh | T12: =M72*B9 -> 0.10994947 | U12: =N72*B9 -> 0.070256782
J13: FRCM-ll | K13: 的皱纹盘鲍 | R13: 塑料管道 | S13: kg | T13: =M73*B9 -> 0.079219724 | U13: =N73*B9 -> 0.81306554
I14: 1t | J14: 龙须菜 | K14: 20 | L14: 132.85667 | N14: t | R14: 混凝土 | S14: kg | T14: =M75*B9 -> 0.0030357433 | U14: =N75*B9 -> 0.86045946
I15: 饲料 | J15: 小型工作船（9m） | K15: 0.0032985664 | L15: 16.738773 | N15: item | Q15: 运输 | R15: 幼苗运输 | S15: tkm | T15: =K9*E9+K22*F9+L32*C9+L53*D9+M77*B9 -> 7.2966383 | U15: =L9*E9+L22*F9+M32*C9+M53*D9+N77*B9 -> 1.4629885
I16: 设备 | J16: 柴油 | K16: 22.316332 | L16: 11.028809 | N16: kg | R16: 龙须菜运输 | S16: tkm | T16: =K8*E9+K21*F9+L31*C9+L52*D9+M76*B9 -> 497.93662 | U16: =L8*E9+L21*F9+M31*C9+M52*D9+N76*B9 -> 77.133328
I17: 能源 | J17: 木桩 | K17: 0.07768124 | L17: 0 | N17: m3 | R17: 陆运 | S17: tkm | T17: =L29*C9 -> 268.92531 | U17: =M29*C9 -> 36.152145
I18: 基建 | J18: 尼龙6 | K18: 5.9270291 | L18: 58.502493 | N18: kg | R18: 海运 | S18: tkm | T18: =L51*D9 -> 231.98915 | U18: =M51*D9 -> 2.1803907
J19: 养殖笼 | K19: 217.70539 | L19: 519.09753 | N19: kg | Q19: 鲍鱼幼苗 | R19: 鲍鱼幼苗 | S19: item | T19: =K10*E9+K23*F9+C9*L33+D9*L54+M78*B9 -> 32047.929 | U19: =L10*E9+L23*F9+C9*M33+D9*M54+N78*B9 -> 743.38509
J20: 泡沫浮球 | K20: 72.605736 | L20: 173.12136 | N20: kg | U20: =SUM(U2:U19) -> 1517.1773
J21: 龙须菜运输 | K21: 2920 | L21: 392.5412 | N21: tkm | Q21: 1粒苗 | R21: 育苗用电 | S21: kwh | T21: 0.021119647 | U21: 0.013495277
I22: 运输 | J22: 幼苗运输 | K22: 3.7564075 | L22: 0.47736606 | N22: tkm | R22: 其他部分 | U22: 0.009595687
J23: 鲍鱼幼苗 | K23: 39582.797 | L23: 914.00493 | N23: p（成活率50%） | U23: =U21+U22 -> 0.023090964
I24: 其他 | Q24: 1粒苗 | R24: 基建 | U24: 0.0048985818
L25: 2218.3691 | R25: 其他部分 | U25: =U23-U24 -> 0.018192382
I27: SNCM-陆运 | L27: input | M27: CF
I28: 饲料 | J28: 龙须菜 | K28: t | L28: 20 | M28: 132.85667
I29: 运输 | J29: 陆运 | K29: tkm | L29: 1075.7012 | M29: 144.60858
J30: 海运 | K30: tkm | L30: 0 | M30: 0
J31: 龙须菜运输 | K31: tkm | L31: 200 | M31: 26.886384
J32: 幼苗运输 | K32: tkm | L32: 2.3477547 | M32: 0.31561316
I33: 苗 | J33: 鲍鱼幼苗 | K33: item | L33: 24739.248 | M33: 571.25308
I34: 南方养殖（晋江市）
I35: 能源 | J35: 柴油 | K35: kg | L35: 9.2984718 | M35: 4.595337
I36: 基建 | J36: 木桩 | K36: m3 | L36: 0.032367183 | M36: 0
J37: 尼龙6 | K37: kg | L37: 2.4695955 | M37: 24.376039
J38: 养殖笼 | K38: kg | L38: 90.710577 | M38: 216.29064
J39: 泡沫浮球 | K39: kg | L39: 30.25239 | M39: 72.133901
I40: 北方养殖（荣成市）
I41: 能源 | J41: 柴油 | K41: kg | L41: 7.2993003 | M41: 3.6073395
I42: 基建 | J42: 木桩 | K42: m3 | L42: 0.025408239 | M42: 0
J43: 尼龙6 | K43: kg | L43: 1.9386324 | M43: 19.13519
J44: 养殖笼 | K44: kg | L44: 71.207803 | M44: 169.78815
J45: 泡沫浮球 | K45: kg | L45: 23.748126 | M45: 56.625112
M46: 1442.472
I48: SNCM-海运 | L48: input | M48: CF
I49: 饲料 | J49: 龙须菜 | K49: t | L49: 20 | M49: 132.85667
I50: 运输 | J50: 陆运 | K50: tkm | L50: 0 | M50: 0
J51: 海运 | K51: tkm | L51: 927.95661 | M51: 8.7215628
J52: 龙须菜运输 | K52: tkm | L52: 200 | M52: 26.886384
J53: 幼苗运输 | K53: tkm | L53: 2.3477547 | M53: 0.31561316
I54: 苗 | J54: 鲍鱼幼苗 | K54: item | L54: 24739.248 | M54: 571.25308
I55: 南方养殖（晋江市）
I56: 能源 | J56: 柴油 | K56: kg | L56: 9.2984718 | M56: 4.595337
I57: 基建 | J57: 木桩 | K57: m3 | L57: 0.032367183 | M57: 0
J58: 尼龙6 | K58: kg | L58: 2.4695955 | M58: 24.376039
J59: 养殖笼 | K59: kg | L59: 90.710577 | M59: 216.29064
J60: 泡沫浮球 | K60: kg | L60: 30.25239 | M60: 72.133901
I61: 北方养殖（荣成市）
I62: 能源 | J62: 柴油 | K62: kg | L62: 7.2993003 | M62: 3.6073395
I63: 基建 | J63: 木桩 | K63: m3 | L63: 0.025408239 | M63: 0
J64: 尼龙6 | K64: kg | L64: 1.9386324 | M64: 19.13519
J65: 养殖笼 | K65: kg | L65: 71.207803 | M65: 169.78815
J66: 泡沫浮球 | K66: kg | L66: 23.748126 | M66: 56.625112
M67: 1306.585
M69: input | N69: CF
I70: 饲料 | J70: 龙须菜 | K70: 龙须菜 | L70: t | M70: 20 | N70: 132.85667
I71: 能源 | J71: 电 | K71: 电 | L71: kg | M71: 9895.6994 | N71: 6323.2685
I72: 基建 | J72: 基建电力 | K72: 电 | L72: m3 | M72: 10.994947 | N72: 7.0256782
J73: 塑料管道 | K73: 聚乙烯管 | L73: kg | M73: 7.9219724 | N73: 81.306554
J74: 养殖笼 | K74: 高密度聚乙烯 | L74: kg | M74: 348.32862 | N74: 830.55604
J75: 混凝土 | K75: 混凝土 | L75: kg | M75: 0.30357433 | N75: 86.045946
I76: 运输 | J76: 龙须菜运输 | K76: 卡车 | L76: tkm | M76: 2920 | N76: 392.5412
J77: 幼苗运输 | K77: 卡车 | L77: tkm | M77: 2.6831482 | N77: 0.36070002
I78: 苗 | J78: 幼苗 | M78: 28273.427 | N78: 989.61273
N79: 8843.5741

Sheet Case (Mode2050)
A1: 皱纹盘鲍mean | D1: input | E1: CF
A2: 饲料 | B2: 龙须菜 | C2: t | D2: ='Case(Mode_Orl_NoGe)'!T2 -> 20 | E2: ='Case(Mode_Orl_NoGe)'!U2 -> 132.85667
A3: 设备 | B3: 小型工作船（9m） | C3: item | D3: ='Case(Mode_Orl_NoGe)'!T3 -> 0.0014566397 | E3: ='Case(Mode_Orl_NoGe)'!U3 -> 5.4878557
A4: 能源 | B4: 柴油 | C4: kg | D4: ='Case(Mode_Orl_NoGe)'!T4 -> 16.145215 | E4: ='Case(Mode_Orl_NoGe)'!U4 -> 7.5373945
B5: 电 | C5: kwh | D5: ='Case(Mode_Orl_NoGe)'!T5 -> 98.956994 | E5: ='Case(Mode_Orl_NoGe)'!U5 -> 63.232685
A6: 基建 | B6: 彩钢活动板房 | C6: kg | D6: ='Case(Mode_Orl_NoGe)'!T6 -> 0.75327943 | E6: ='Case(Mode_Orl_NoGe)'!U6 -> 1.0943989
B7: 养殖笼 | C7: kg | D7: ='Case(Mode_Orl_NoGe)'!T7 -> 139.73783 | E7: ='Case(Mode_Orl_NoGe)'!U7 -> 333.19141
B8: 渔排浮板 | C8: kg | D8: ='Case(Mode_Orl_NoGe)'!T8 -> 2.5084388 | E8: ='Case(Mode_Orl_NoGe)'!U8 -> 5.9811614
B9: 尼龙6 | C9: kg | D9: ='Case(Mode_Orl_NoGe)'!T9 -> 2.705732 | E9: ='Case(Mode_Orl_NoGe)'!U9 -> 26.706815
B10: 泡沫浮球 | C10: kg | D10: ='Case(Mode_Orl_NoGe)'!T10 -> 33.145048 | E10: ='Case(Mode_Orl_NoGe)'!U10 -> 79.031165
B11: 木桩 | C11: m3 | D11: ='Case(Mode_Orl_NoGe)'!T11 -> 0.035462053 | E11: ='Case(Mode_Orl_NoGe)'!U11 -> 0
B12: 基建电力 | C12: kwh | D12: ='Case(Mode_Orl_NoGe)'!T12 -> 0.10994947 | E12: ='Case(Mode_Orl_NoGe)'!U12 -> 0.070256782
B13: 塑料管道 | C13: kg | D13: ='Case(Mode_Orl_NoGe)'!T13 -> 0.079219724 | E13: ='Case(Mode_Orl_NoGe)'!U13 -> 0.81306554
B14: 混凝土 | C14: kg | D14: ='Case(Mode_Orl_NoGe)'!T14 -> 0.0030357433 | E14: ='Case(Mode_Orl_NoGe)'!U14 -> 0.86045946
A15: 运输 | B15: 幼苗运输 | C15: tkm | D15: ='Case(Mode_Orl_NoGe)'!T15 -> 7.2966383 | E15: ='Case(Mode_Orl_NoGe)'!U15 -> 1.4629885
B16: 龙须菜运输 | C16: tkm | D16: ='Case(Mode_Orl_NoGe)'!T16 -> 497.93662 | E16: ='Case(Mode_Orl_NoGe)'!U16 -> 77.133328
B17: 陆运 | C17: tkm | D17: ='Case(Mode_Orl_NoGe)'!T17 -> 268.92531 | E17: ='Case(Mode_Orl_NoGe)'!U17 -> 36.152145
B18: 海运 | C18: tkm | D18: ='Case(Mode_Orl_NoGe)'!T18 -> 231.98915 | E18: ='Case(Mode_Orl_NoGe)'!U18 -> 2.1803907
A19: 鲍鱼幼苗 | B19: 鲍鱼幼苗 | C19: item | D19: ='Case(Mode_Orl_NoGe)'!T19 -> 32047.929 | E19: ='Case(Mode_Orl_NoGe)'!U19 -> 743.38509
E20: ='Case(Mode_Orl_NoGe)'!U20 -> 1517.1773
A21: 1粒苗 | B21: 育苗用电 | C21: kwh | D21: ='Case(Mode_Orl_NoGe)'!T21 -> 0.021119647 | E21: ='Case(Mode_Orl_NoGe)'!U21 -> 0.013495277
B22: 其他部分 | E22: ='Case(Mode_Orl_NoGe)'!U22 -> 0.009595687
E23: ='Case(Mode_Orl_NoGe)'!U23 -> 0.023090964
A24: 1粒苗 | B24: 基建 | E24: ='Case(Mode_Orl_NoGe)'!U24 -> 0.0048985818
B25: 其他部分 | E25: ='Case(Mode_Orl_NoGe)'!U25 -> 0.018192382
C26: input | D26: CF | E26: 占比
B27: 电力 | C27: =D5+D12+D19*D21 -> 775.9079 | D27: =E5+E12+E21*D19 -> 495.79861 | E27: =D27/E20 -> 0.32679016
B28: 其他 | D28: =E20-D27 -> 1021.3787
B29: 基建 | D29: =SUM(E6:E14)+D19*E24 -> 604.73813
B30: 其他 | D30: =E20-D29 -> 912.43915
A39: 绿盘鲍mean | D39: input | E39: CF
A40: 饲料 | B40: 龙须菜 | C40: t | D40: ='Case(Mode_Orl_Gene)'!P2 -> 20 | E40: ='Case(Mode_Orl_Gene)'!Q2 -> 132.85667
A41: 设备 | B41: 小型工作船（9m） | C41: item | D41: ='Case(Mode_Orl_Gene)'!P3 -> 0.00059459859 | E41: ='Case(Mode_Orl_Gene)'!Q3 -> 3.0167123
A42: 能源 | B42: 柴油 | C42: kg | D42: ='Case(Mode_Orl_Gene)'!P4 -> 3.5411241 | E42: ='Case(Mode_Orl_Gene)'!Q4 -> 1.5319003
B43: 电 | C43: kwh | D43: ='Case(Mode_Orl_Gene)'!P5 -> 48.888344 | E43: ='Case(Mode_Orl_Gene)'!Q5 -> 31.23924
A44: 基建 | B44: 彩钢活动板房 | C44: kg | D44: ='Case(Mode_Orl_Gene)'!P6 -> 0.27629122 | E44: ='Case(Mode_Orl_Gene)'!Q6 -> 0.54067277
B45: 养殖笼 | C45: kg | D45: ='Case(Mode_Orl_Gene)'!P7 -> 41.648421 | E45: ='Case(Mode_Orl_Gene)'!Q7 -> 99.308877
B46: 渔排浮板 | C46: kg | D46: ='Case(Mode_Orl_Gene)'!P8 -> 2.5351553 | E46: ='Case(Mode_Orl_Gene)'!Q8 -> 6.0448647
B47: 泡沫浮球 | C47: kg | D47: ='Case(Mode_Orl_Gene)'!P9 -> 8.5516714 | E47: ='Case(Mode_Orl_Gene)'!Q9 -> 20.389313
B48: 木桩 | C48: m3 | D48: ='Case(Mode_Orl_Gene)'!P10 -> 0.00041463427 | E48: ='Case(Mode_Orl_Gene)'!Q10 -> 0
B49: 基建电力 | C49: kwh | D49: ='Case(Mode_Orl_Gene)'!P11 -> 0.054319024 | E49: ='Case(Mode_Orl_Gene)'!Q11 -> 0.034709399
B50: 塑料管道 | C50: kg | D50: ='Case(Mode_Orl_Gene)'!P12 -> 0.039137417 | E50: ='Case(Mode_Orl_Gene)'!Q12 -> 0.40168387
B51: 混凝土 | C51: kg | D51: ='Case(Mode_Orl_Gene)'!P13 -> 0.0014997673 | E51: ='Case(Mode_Orl_Gene)'!Q13 -> 0.42509818
B52: 聚乙烯绳 | C52: kg | D52: ='Case(Mode_Orl_Gene)'!P14 -> 2.1731974 | E52: ='Case(Mode_Orl_Gene)'!Q14 -> 5.1816145
B53: 养殖扣盆 | C53: kg | D53: ='Case(Mode_Orl_Gene)'!P15 -> 1.5839824 | E53: ='Case(Mode_Orl_Gene)'!Q15 -> 3.7766644
A54: 运输 | B54: 幼苗运输 | C54: tkm | D54: ='Case(Mode_Orl_Gene)'!P16 -> 3.6226626 | E54: ='Case(Mode_Orl_Gene)'!Q16 -> 0.78977696
B55: 龙须菜运输 | C55: tkm | D55: ='Case(Mode_Orl_Gene)'!P17 -> 276.2 | E55: ='Case(Mode_Orl_Gene)'!Q17 -> 57.836433
B56: 陆运 | C56: tkm | D56: ='Case(Mode_Orl_Gene)'!P18 -> 151.3134 | E56: ='Case(Mode_Orl_Gene)'!Q18 -> 33.026154
B57: 海运 | C57: tkm | D57: ='Case(Mode_Orl_Gene)'!P19 -> 143.542 | E57: ='Case(Mode_Orl_Gene)'!Q19 -> 1.3491047
A58: 鲍鱼幼苗 | B58: 鲍鱼幼苗 | C58: item | D58: ='Case(Mode_Orl_Gene)'!P20 -> 15832.839 | E58: ='Case(Mode_Orl_Gene)'!Q20 -> 366.16008
D59: ='Case(Mode_Orl_Gene)'!P21 -> 1粒苗 | E59: ='Case(Mode_Orl_Gene)'!Q21 -> 763.90957
A60: 1粒苗 | B60: 育苗设备用电 | C60: kwh | D60: ='Case(Mode_Orl_Gene)'!P22 -> 0.021119647 | E60: ='Case(Mode_Orl_Gene)'!Q22 -> 0.013495277
B61: 其他部分 | E61: ='Case(Mode_Orl_Gene)'!Q23 -> 0.009595687
E62: ='Case(Mode_Orl_Gene)'!Q24 -> 0.023090964
A64: 1粒苗 | B64: 基建 | E64: ='Case(Mode_Orl_Gene)'!Q26 -> 0.0048985818
B65: 其他部分 | E65: ='Case(Mode_Orl_Gene)'!Q27 -> 0.018192382
C66: input | D66: CF | E66: 占比
B67: 电力 | C67: =D43+D49+D58*D60 -> 383.32665 | D67: =E43+E49+D58*E60 -> 244.9425 | E67: =D67/E59 -> 0.32064331
B68: 其他 | D68: =E59-D67 -> 518.96708
B69: 基建 | D69: =SUM(E44:E53)+D58*E64 -> 213.66196
B70: 其他 | D70: =E59-D69 -> 550.24762

Sheet Mode
B1: 皱纹盘鲍 | C1: 绿盘鲍 | K1: 1t鲍鱼碳足迹 | U1: max | X1: min
B2: mean | C2: mean | K2: mean | M2: 加温度 | N2: mean
A3: 2020 | B3: =E16 -> 1537.3871 | C3: =E17 -> 803.64328 | J3: 2020 | K3: =B3*$F27+C3*$G27 -> 1500.6999 | M3: 2020 | N3: =K3/Temperature!$G15 -> 1500.6999
A4: 2021 | B4: =B3+D$5 -> 1536.7135 | C4: =C3+E$5 -> 802.31882 | J4: 2021 | K4: =B4*$F28+C4*$G28 -> 1499.9937 | M4: 2021 | N4: =K4/Temperature!$G16 -> 1504.9349
A5: 2022 | B5: =B4+D$5 -> 1536.0398 | C5: =C4+E$5 -> 800.99437 | D5: =(B33-B3)/($A$33-$A$3) -> -0.67366154 | E5: =(C33-C3)/($A$33-$A$3) -> -1.3244569 | J5: 2022 | K5: =B5*$F29+C5*$G29 -> 1480.9114 | M5: 2022 | N5: =K5/Temperature!$G17 -> 1490.6253
A6: 2023 | B6: =B5+D$5 -> 1535.3661 | C6: =C5+E$5 -> 799.66991 | J6: 2023 | K6: =B6*$F30+C6*$G30 -> 1314.6573 | M6: 2023 | N6: =K6/Temperature!$G18 -> 1326.7305
A7: 2024 | B7: =B6+D$5 -> 1534.6925 | C7: =C6+E$5 -> 798.34545 | J7: 2024 | K7: =B7*$F$31+C7*$G$31 -> 1056.0669 | M7: 2024 | N7: =K7/Temperature!$G19 -> 1067.525
A8: 2025 | B8: =B7+D$5 -> 1534.0188 | C8: =C7+E$5 -> 797.02099 | J8: 2025 | K8: =B8*$F$31+C8*$G$31 -> 1054.9702 | M8: 2025 | N8: =K8/Temperature!$G20 -> 1069.3169
A9: 2026 | B9: =B8+D$5 -> 1533.3452 | C9: =C8+E$5 -> 795.69654 | J9: 2026 | K9: =B9*$F$31+C9*$G$31 -> 1053.8736 | M9: 2026 | N9: =K9/Temperature!$G21 -> 1071.1186
A10: 2027 | B10: =B9+D$5 -> 1532.6715 | C10: =C9+E$5 -> 794.37208 | J10: 2027 | K10: =B10*$F$31+C10*$G$31 -> 1052.7769 | M10: 2027 | N10: =K10/Temperature!$G22 -> 1072.9301
A11: 2028 | B11: =B10+D$5 -> 1531.9978 | C11: =C10+E$5 -> 793.04762 | J11: 2028 | K11: =B11*$F$31+C11*$G$31 -> 1051.6802 | M11: 2028 | N11: =K11/Temperature!$G23 -> 1074.7515
A12: 2029 | B12: =B11+D$5 -> 1531.3242 | C12: =C11+E$5 -> 791.72317 | J12: 2029 | K12: =B12*$F$31+C12*$G$31 -> 1050.5835 | M12: 2029 | N12: =K12/Temperature!$G24 -> 1076.583
A13: 2030 | B13: =B12+D$5 -> 1530.6505 | C13: =C12+E$5 -> 790.39871 | J13: 2030 | K13: =B13*$F$31+C13*$G$31 -> 1049.4868 | M13: 2030 | N13: =K13/Temperature!$G25 -> 1078.4246
A14: 2031 | B14: =B13+D$5 -> 1529.9768 | C14: =C13+E$5 -> 789.07425 | J14: 2031 | K14: =B14*$F$31+C14*$G$31 -> 1048.3902 | M14: 2031 | N14: =K14/Temperature!$G26 -> 1080.2763
A15: 2032 | B15: =B14+D$5 -> 1529.3032 | C15: =C14+E$5 -> 787.7498 | D15: 原始 | E15: mean | J15: 2032 | K15: =B15*$F$31+C15*$G$31 -> 1047.2935 | M15: 2032 | N15: =K15/Temperature!$G27 -> 1082.1383
A16: 2033 | B16: =B15+D$5 -> 1528.6295 | C16: =C15+E$5 -> 786.42534 | D16: 皱纹盘鲍 | E16: 1537.3871 | J16: 2033 | K16: =B16*$F$31+C16*$G$31 -> 1046.1968 | M16: 2033 | N16: =K16/Temperature!$G28 -> 1084.0107
A17: 2034 | B17: =B16+D$5 -> 1527.9559 | C17: =C16+E$5 -> 785.10088 | D17: 绿盘鲍 | E17: 803.64328 | J17: 2034 | K17: =B17*$F$31+C17*$G$31 -> 1045.1001 | M17: 2034 | N17: =K17/Temperature!$G29 -> 1085.8935
A18: 2035 | B18: =B17+D$5 -> 1527.2822 | C18: =C17+E$5 -> 783.77643 | J18: 2035 | K18: =B18*$F$31+C18*$G$31 -> 1044.0034 | M18: 2035 | N18: =K18/Temperature!$G30 -> 1087.7869
A19: 2036 | B19: =B18+D$5 -> 1526.6085 | C19: =C18+E$5 -> 782.45197 | J19: 2036 | K19: =B19*$F$31+C19*$G$31 -> 1042.9068 | M19: 2036 | N19: =K19/Temperature!$G31 -> 1089.6908
A20: 2037 | B20: =B19+D$5 -> 1525.9349 | C20: =C19+E$5 -> 781.12751 | D20: 未来 | E20: mean | J20: 2037 | K20: =B20*$F$31+C20*$G$31 -> 1041.8101 | M20: 2037 | N20: =K20/Temperature!$G32 -> 1091.6055
A21: 2038 | B21: =B20+D$5 -> 1525.2612 | C21: =C20+E$5 -> 779.80306 | D21: 皱纹盘鲍 | E21: ='Case (Mode2050)'!E20 -> 1517.1773 | J21: 2038 | K21: =B21*$F$31+C21*$G$31 -> 1040.7134 | M21: 2038 | N21: =K21/Temperature!$G33 -> 1093.531
A22: 2039 | B22: =B21+D$5 -> 1524.5876 | C22: =C21+E$5 -> 778.4786 | D22: 绿盘鲍 | E22: ='Case (Mode2050)'!E59 -> 763.90957 | J22: 2039 | K22: =B22*$F$31+C22*$G$31 -> 1039.6167 | M22: 2039 | N22: =K22/Temperature!$G34 -> 1095.4673
A23: 2040 | B23: =B22+D$5 -> 1523.9139 | C23: =C22+E$5 -> 777.15414 | J23: 2040 | K23: =B23*$F$31+C23*$G$31 -> 1038.5201 | M23: 2040 | N23: =K23/Temperature!$G35 -> 1097.4146
A24: 2041 | B24: =B23+D$5 -> 1523.2402 | C24: =C23+E$5 -> 775.82968 | J24: 2041 | K24: =B24*$F$31+C24*$G$31 -> 1037.4234 | M24: 2041 | N24: =K24/Temperature!$G36 -> 1099.373
A25: 2042 | B25: =B24+D$5 -> 1522.5666 | C25: =C24+E$5 -> 774.50523 | E25: 市场售卖鲍鱼品种比例 | J25: 2042 | K25: =B25*$F$31+C25*$G$31 -> 1036.3267 | M25: 2042 | N25: =K25/Temperature!$G37 -> 1101.3426
A26: 2043 | B26: =B25+D$5 -> 1521.8929 | C26: =C25+E$5 -> 773.18077 | E26: 数据时间 | F26: 皱纹盘鲍 | G26: 绿盘鲍 | J26: 2043 | K26: =B26*$F$31+C26*$G$31 -> 1035.23 | M26: 2043 | N26: =K26/Temperature!$G38 -> 1103.3235
A27: 2044 | B27: =B26+D$5 -> 1521.2192 | C27: =C26+E$5 -> 771.85631 | E27: 2020 | F27: 0.95 | G27: 0.05 | J27: 2044 | K27: =B27*$F$31+C27*$G$31 -> 1034.1333 | M27: 2044 | N27: =K27/Temperature!$G39 -> 1105.3157
A28: 2045 | B28: =B27+D$5 -> 1520.5456 | C28: =C27+E$5 -> 770.53186 | E28: 2021 | F28: 0.95 | G28: 0.05 | J28: 2045 | K28: =B28*$F$31+C28*$G$31 -> 1033.0367 | M28: 2045 | N28: =K28/Temperature!$G40 -> 1107.3193
A29: 2046 | B29: =B28+D$5 -> 1519.8719 | C29: =C28+E$5 -> 769.2074 | E29: 2022 | F29: 0.925 | G29: 0.075 | J29: 2046 | K29: =B29*$F$31+C29*$G$31 -> 1031.94 | M29: 2046 | N29: =K29/Temperature!$G41 -> 1109.3346
A30: 2047 | B30: =B29+D$5 -> 1519.1983 | C30: =C29+E$5 -> 767.88294 | E30: 2023 | F30: 0.7 | G30: 0.3 | J30: 2047 | K30: =B30*$F$31+C30*$G$31 -> 1030.8433 | M30: 2047 | N30: =K30/Temperature!$G42 -> 1111.3614
A31: 2048 | B31: =B30+D$5 -> 1518.5246 | C31: =C30+E$5 -> 766.55849 | E31: 2024 | F31: 0.35 | G31: 0.65 | J31: 2048 | K31: =B31*$F$31+C31*$G$31 -> 1029.7466 | M31: 2048 | N31: =K31/Temperature!$G43 -> 1113.4001
A32: 2049 | B32: =B31+D$5 -> 1517.8509 | C32: =C31+E$5 -> 765.23403 | J32: 2049 | K32: =B32*$F$31+C32*$G$31 -> 1028.6499 | M32: 2049 | N32: =K32/Temperature!$G44 -> 1115.4506
A33: 2050 | B33: =E21 -> 1517.1773 | C33: =E22 -> 763.90957 | J33: 2050 | K33: =B33*$F$31+C33*$G$31 -> 1027.5533 | M33: 2050 | N33: =K33/Temperature!$G45 -> 1117.5131

Sheet Speed
K1: 加温度
F2: mean | G2: max | H2: min | K2: mean | L2: max | M2: min
A3: 2020 | B3: 1 | C3: =(B13-B3)/(A13-A3) -> 0.02 | E3: 2020 | F3: =Baseline!D3/Speed!$B3 -> 1500.6999 | G3: =Baseline!E3/Speed!$B3 -> 2137.0304 | H3: =Baseline!F3/Speed!$B3 -> 1182.9525 | J3: 2020 | K3: =Speed!F3/Temperature!$G15 -> 1500.6999 | L3: =Speed!G3/Temperature!$G15 -> 2137.0304 | M3: =Speed!H3/Temperature!$G15 -> 1182.9525
A4: 2021 | B4: =B3+$C$3 -> 1.02 | E4: 2021 | F4: =Baseline!D4/Speed!$B4 -> 1471.2744 | G4: =Baseline!E4/Speed!$B4 -> 2095.1278 | H4: =Baseline!F4/Speed!$B4 -> 1159.7573 | J4: 2021 | K4: =Speed!F4/Temperature!$G16 -> 1476.121 | L4: =Speed!G4/Temperature!$G16 -> 2102.0295 | M4: =Speed!H4/Temperature!$G16 -> 1163.5778
A5: 2022 | B5: =B4+$C$3 -> 1.04 | E5: 2022 | F5: =Baseline!D5/Speed!$B5 -> 1425.3426 | G5: =Baseline!E5/Speed!$B5 -> 2024.4502 | H5: =Baseline!F5/Speed!$B5 -> 1125.5175 | J5: 2022 | K5: =Speed!F5/Temperature!$G17 -> 1434.692 | L5: =Speed!G5/Temperature!$G17 -> 2037.7294 | M5: =Speed!H5/Temperature!$G17 -> 1132.9003
A6: 2023 | B6: =B5+$C$3 -> 1.06 | E6: 2023 | F6: =Baseline!D6/Speed!$B6 -> 1242.7019 | G6: =Baseline!E6/Speed!$B6 -> 1717.9322 | H6: =Baseline!F6/Speed!$B6 -> 998.87742 | J6: 2023 | K6: =Speed!F6/Temperature!$G18 -> 1254.1143 | L6: =Speed!G6/Temperature!$G18 -> 1733.709 | M6: =Speed!H6/Temperature!$G18 -> 1008.0507
A7: 2024 | B7: =B6+$C$3 -> 1.08 | E7: 2024 | F7: =Baseline!D7/Speed!$B7 -> 981.9015 | G7: =Baseline!E7/Speed!$B7 -> 1276.4603 | H7: =Baseline!F7/Speed!$B7 -> 819.45432 | J7: 2024 | K7: =Speed!F7/Temperature!$G19 -> 992.55493 | L7: =Speed!G7/Temperature!$G19 -> 1290.3096 | M7: =Speed!H7/Temperature!$G19 -> 828.34522
A8: 2025 | B8: =B7+$C$3 -> 1.1 | E8: 2025 | F8: =Baseline!D8/Speed!$B8 -> 964.04875 | G8: =Baseline!E8/Speed!$B8 -> 1253.2519 | H8: =Baseline!F8/Speed!$B8 -> 804.55515 | J8: 2025 | K8: =Speed!F8/Temperature!$G20 -> 977.15897 | L8: =Speed!G8/Temperature!$G20 -> 1270.295 | M8: =Speed!H8/Temperature!$G20 -> 815.49639
A9: 2026 | B9: =B8+$C$3 -> 1.12 | E9: 2026 | F9: =Baseline!D9/Speed!$B9 -> 946.83359 | G9: =Baseline!E9/Speed!$B9 -> 1230.8724 | H9: =Baseline!F9/Speed!$B9 -> 790.18809 | J9: 2026 | K9: =Speed!F9/Temperature!$G21 -> 962.32706 | L9: =Speed!G9/Temperature!$G21 -> 1251.0137 | M9: =Speed!H9/Temperature!$G21 -> 803.1183
A10: 2027 | B10: =B9+$C$3 -> 1.14 | E10: 2027 | F10: =Baseline!D10/Speed!$B10 -> 930.22248 | G10: =Baseline!E10/Speed!$B10 -> 1209.2782 | H10: =Baseline!F10/Speed!$B10 -> 776.32514 | J10: 2027 | K10: =Speed!F10/Temperature!$G22 -> 948.02963 | L10: =Speed!G10/Temperature!$G22 -> 1232.4273 | M10: =Speed!H10/Temperature!$G22 -> 791.18626
A11: 2028 | B11: =B10+$C$3 -> 1.16 | E11: 2028 | F11: =Baseline!D11/Speed!$B11 -> 914.18416 | G11: =Baseline!E11/Speed!$B11 -> 1188.4285 | H11: =Baseline!F11/Speed!$B11 -> 762.94023 | J11: 2028 | K11: =Speed!F11/Temperature!$G23 -> 934.23916 | L11: =Speed!G11/Temperature!$G23 -> 1214.4998 | M11: =Speed!H11/Temperature!$G23 -> 779.6773
A12: 2029 | B12: =B11+$C$3 -> 1.18 | E12: 2029 | F12: =Baseline!D12/Speed!$B12 -> 898.68951 | G12: =Baseline!E12/Speed!$B12 -> 1168.2857 | H12: =Baseline!F12/Speed!$B12 -> 750.00904 | J12: 2029 | K12: =Speed!F12/Temperature!$G24 -> 920.92997 | L12: =Speed!G12/Temperature!$G24 -> 1197.198 | M12: =Speed!H12/Temperature!$G24 -> 768.57
A13: 2030 | B13: 1.2 | E13: 2030 | F13: =Baseline!D13/Speed!$B13 -> 883.71135 | G13: =Baseline!E13/Speed!$B13 -> 1148.8143 | H13: =Baseline!F13/Speed!$B13 -> 737.50889 | J13: 2030 | K13: =Speed!F13/Temperature!$G25 -> 908.07812 | L13: =Speed!G13/Temperature!$G25 -> 1180.4908 | M13: =Speed!H13/Temperature!$G25 -> 757.84438
A14: 2031 | B14: =B13+$C$3 -> 1.22 | E14: 2031 | F14: =Baseline!D14/Speed!$B14 -> 869.22428 | G14: =Baseline!E14/Speed!$B14 -> 1129.9812 | H14: =Baseline!F14/Speed!$B14 -> 725.41858 | J14: 2031 | K14: =Speed!F14/Temperature!$G26 -> 895.66122 | L14: =Speed!G14/Temperature!$G26 -> 1164.3489 | M14: =Speed!H14/Temperature!$G26 -> 747.48175
A15: 2032 | B15: =B14+$C$3 -> 1.24 | E15: 2032 | F15: =Baseline!D15/Speed!$B15 -> 855.20454 | G15: =Baseline!E15/Speed!$B15 -> 1111.7557 | H15: =Baseline!F15/Speed!$B15 -> 713.71828 | J15: 2032 | K15: =Speed!F15/Temperature!$G27 -> 883.65833 | L15: =Speed!G15/Temperature!$G27 -> 1148.7453 | M15: =Speed!H15/Temperature!$G27 -> 737.46464
A16: 2033 | B16: =B15+$C$3 -> 1.26 | E16: 2033 | F16: =Baseline!D16/Speed!$B16 -> 841.62986 | G16: =Baseline!E16/Speed!$B16 -> 1094.1088 | H16: =Baseline!F16/Speed!$B16 -> 702.38942 | J16: 2033 | K16: =Speed!F16/Temperature!$G28 -> 872.04987 | L16: =Speed!G16/Temperature!$G28 -> 1133.6545 | M16: =Speed!H16/Temperature!$G28 -> 727.77669
A17: 2034 | B17: =B16+$C$3 -> 1.28 | E17: 2034 | F17: =Baseline!D17/Speed!$B17 -> 828.47939 | G17: =Baseline!E17/Speed!$B17 -> 1077.0134 | H17: =Baseline!F17/Speed!$B17 -> 691.41458 | J17: 2034 | K17: =Speed!F17/Temperature!$G29 -> 860.81744 | L17: =Speed!G17/Temperature!$G29 -> 1119.0524 | M17: =Speed!H17/Temperature!$G29 -> 718.40257
A18: 2035 | B18: =B17+$C$3 -> 1.3 | E18: 2035 | F18: =Baseline!D18/Speed!$B18 -> 815.73356 | G18: =Baseline!E18/Speed!$B18 -> 1060.4439 | H18: =Baseline!F18/Speed!$B18 -> 680.77743 | J18: 2035 | K18: =Speed!F18/Temperature!$G30 -> 849.94379 | L18: =Speed!G18/Temperature!$G30 -> 1104.9168 | M18: =Speed!H18/Temperature!$G30 -> 709.32788
A19: 2036 | B19: =B18+$C$3 -> 1.32 | E19: 2036 | F19: =Baseline!D19/Speed!$B19 -> 803.37396 | G19: =Baseline!E19/Speed!$B19 -> 1044.3766 | H19: =Baseline!F19/Speed!$B19 -> 670.46262 | J19: 2036 | K19: =Speed!F19/Temperature!$G31 -> 839.41274 | L19: =Speed!G19/Temperature!$G31 -> 1091.2266 | M19: =Speed!H19/Temperature!$G31 -> 700.5391
A20: 2037 | B20: =B19+$C$3 -> 1.34 | E20: 2037 | F20: =Baseline!D20/Speed!$B20 -> 791.3833 | G20: =Baseline!E20/Speed!$B20 -> 1028.7889 | H20: =Baseline!F20/Speed!$B20 -> 660.45572 | J20: 2037 | K20: =Speed!F20/Temperature!$G32 -> 829.20905 | L20: =Speed!G20/Temperature!$G32 -> 1077.9619 | M20: =Speed!H20/Temperature!$G32 -> 692.02353
A21: 2038 | B21: =B20+$C$3 -> 1.36 | E21: 2038 | F21: =Baseline!D21/Speed!$B21 -> 779.74531 | G21: =Baseline!E21/Speed!$B21 -> 1013.6596 | H21: =Baseline!F21/Speed!$B21 -> 650.74314 | J21: 2038 | K21: =Speed!F21/Temperature!$G33 -> 819.31839 | L21: =Speed!G21/Temperature!$G33 -> 1065.1042 | M21: =Speed!H21/Temperature!$G33 -> 683.76919
A22: 2039 | B22: =B21+$C$3 -> 1.38 | E22: 2039 | F22: =Baseline!D22/Speed!$B22 -> 768.44466 | G22: =Baseline!E22/Speed!$B22 -> 998.96892 | H22: =Baseline!F22/Speed!$B22 -> 641.31208 | J22: 2039 | K22: =Speed!F22/Temperature!$G34 -> 809.72725 | L22: =Speed!G22/Temperature!$G34 -> 1052.6358 | M22: =Speed!H22/Temperature!$G34 -> 675.76482
A23: 2040 | B23: =B22+$C$3 -> 1.4 | E23: 2040 | F23: =Baseline!D23/Speed!$B23 -> 757.46687 | G23: =Baseline!E23/Speed!$B23 -> 984.69794 | H23: =Baseline!F23/Speed!$B23 -> 632.15047 | J23: 2040 | K23: =Speed!F23/Temperature!$G35 -> 800.4229 | L23: =Speed!G23/Temperature!$G35 -> 1040.5403 | M23: =Speed!H23/Temperature!$G35 -> 667.9998
A24: 2041 | B24: =B23+$C$3 -> 1.42 | E24: 2041 | F24: =Baseline!D24/Speed!$B24 -> 746.79833 | G24: =Baseline!E24/Speed!$B24 -> 970.82895 | H24: =Baseline!F24/Speed!$B24 -> 623.24695 | J24: 2041 | K24: =Speed!F24/Temperature!$G36 -> 791.39334 | L24: =Speed!G24/Temperature!$G36 -> 1028.8019 | M24: =Speed!H24/Temperature!$G36 -> 660.4641
A25: 2042 | B25: =B24+$C$3 -> 1.44 | E25: 2042 | F25: =Baseline!D25/Speed!$B25 -> 736.42613 | G25: =Baseline!E25/Speed!$B25 -> 957.34522 | H25: =Baseline!F25/Speed!$B25 -> 614.59074 | J25: 2042 | K25: =Speed!F25/Temperature!$G37 -> 782.62722 | L25: =Speed!G25/Temperature!$G37 -> 1017.4061 | M25: =Speed!H25/Temperature!$G37 -> 653.14826
... A33: 2050 | B33: =B32+$C$3 -> 1.6 | E33: 2050 | F33: =Baseline!D33/Speed!$B33 -> 662.78352 | G33: =Baseline!E33/Speed!$B33 -> 861.6107 | H33: =Baseline!F33/Speed!$B33 -> 553.13167 | J33: 2050 | K33: =Speed!F33/Temperature!$G45 -> 720.80861 | L33: =Speed!G33/Temperature!$G45 -> 937.04263 | M33: =Speed!H33/Temperature!$G45 -> 601.557

Sheet Infrastructure
E1: 皱纹盘鲍 | H1: 绿盘鲍 | N1: 市场售卖鲍鱼品种比例
E2: mean | F2: max | G2: min | H2: mean | I2: max | J2: min | N2: 数据时间 | O2: 皱纹盘鲍 | P2: 绿盘鲍
D3: 基建CF | E3: ='Case (Ave)'!D29 -> 577.22835 | F3: ='Case (Ave)'!J29 -> 869.02579 | G3: ='Case (Ave)'!P29 -> 432.1298 | H3: ='Case (Ave)'!D69 -> 238.07336 | I3: ='Case (Ave)'!J69 -> 289.92742 | J3: ='Case (Ave)'!P69 -> 201.95359 | N3: 2020 | O3: 0.95 | P3: 0.05
D4: 其他CF | E4: ='Case (Ave)'!D30 -> 960.15878 | F4: ='Case (Ave)'!J30 -> 1331.209 | G4: ='Case (Ave)'!P30 -> 775.65117 | H4: ='Case (Ave)'!D70 -> 565.56992 | I4: ='Case (Ave)'!J70 -> 646.21862 | J4: ='Case (Ave)'!P70 -> 509.25768 | N4: 2021 | O4: 0.95 | P4: 0.05
N5: 2022 | O5: 0.925 | P5: 0.075
N6: 2023 | O6: 0.7 | P6: 0.3
N7: 2024 | O7: 0.35 | P7: 0.65
E9: 皱纹盘鲍 | H9: 绿盘鲍 | L9: 鲍鱼 | P9: 带温度
B10: 基建排放比例 | E10: mean | F10: max | G10: min | H10: mean | I10: max | J10: min | L10: mean | M10: max | N10: min | P10: mean | Q10: max | R10: min
A11: 2020 | B11: 1 | C11: =(B41-B11)/(A41-A11) -> 0.016666667 | E11: =E$3/$B11+E$4 -> 1537.3871 | F11: =F$3/$B11+F$4 -> 2200.2348 | G11: =G$3/$B11+G$4 -> 1207.781 | H11: =H$3/$B11+H$4 -> 803.64328 | I11: =I$3/$B11+I$4 -> 936.14604 | J11: =J$3/$B11+J$4 -> 711.21127 | L11: =E11*$O3+H11*$P3 -> 1500.6999 | M11: =F11*$O3+I11*$P3 -> 2137.0304 | N11: =G11*$O3+J11*$P3 -> 1182.9525 | P11: =L11/Temperature!$G15 -> 1500.6999 | Q11: =M11/Temperature!$G15 -> 2137.0304 | R11: =N11/Temperature!$G15 -> 1182.9525
A12: 2021 | B12: =B11+$C$11 -> 1.0166667 | E12: =E$3/$B12+E$4 -> 1527.9244 | F12: =F$3/$B12+F$4 -> 2185.9885 | G12: =G$3/$B12+G$4 -> 1200.6969 | H12: =H$3/$B12+H$4 -> 799.74044 | I12: =I$3/$B12+I$4 -> 931.39313 | J12: =J$3/$B12+J$4 -> 707.90055 | L12: =E12*$O4+H12*$P4 -> 1491.5152 | M12: =F12*$O4+I12*$P4 -> 2123.2587 | N12: =G12*$O4+J12*$P4 -> 1176.0571 | P12: =L12/Temperature!$G16 -> 1496.4284 | Q12: =M12/Temperature!$G16 -> 2130.2531 | R12: =N12/Temperature!$G16 -> 1179.9312
A13: 2022 | B13: =B12+$C$11 -> 1.0333333 | E13: =E$3/$B13+E$4 -> 1518.7669 | F13: =F$3/$B13+F$4 -> 2172.2017 | G13: =G$3/$B13+G$4 -> 1193.8413 | H13: =H$3/$B13+H$4 -> 795.96349 | I13: =I$3/$B13+I$4 -> 926.79355 | J13: =J$3/$B13+J$4 -> 704.69663 | L13: =E13*$O5+H13*$P5 -> 1464.5566 | M13: =F13*$O5+I13*$P5 -> 2078.7961 | N13: =G13*$O5+J13*$P5 -> 1157.1555 | P13: =L13/Temperature!$G17 -> 1474.1632 | Q13: =M13/Temperature!$G17 -> 2092.4318 | R13: =N13/Temperature!$G17 -> 1164.7457
A14: 2023 | B14: =B13+$C$11 -> 1.05 | E14: =E$3/$B14+E$4 -> 1509.9001 | F14: =F$3/$B14+F$4 -> 2158.8526 | G14: =G$3/$B14+G$4 -> 1187.2034 | H14: =H$3/$B14+H$4 -> 792.30645 | I14: =I$3/$B14+I$4 -> 922.33998 | J14: =J$3/$B14+J$4 -> 701.59443 | L14: =E14*$O6+H14*$P6 -> 1294.622 | M14: =F14*$O6+I14*$P6 -> 1787.8988 | N14: =G14*$O6+J14*$P6 -> 1041.5207 | P14: =L14/Temperature!$G18 -> 1306.5112 | Q14: =M14/Temperature!$G18 -> 1804.3181 | R14: =N14/Temperature!$G18 -> 1051.0856
A15: 2024 | B15: =B14+$C$11 -> 1.0666667 | E15: =E$3/$B15+E$4 -> 1501.3104 | F15: =F$3/$B15+F$4 -> 2145.9207 | G15: =G$3/$B15+G$4 -> 1180.7729 | H15: =H$3/$B15+H$4 -> 788.76369 | I15: =I$3/$B15+I$4 -> 918.02558 | J15: =J$3/$B15+J$4 -> 698.58917 | L15: =E15*$O$7+H15*$P$7 -> 1038.155 | M15: =F15*$O$7+I15*$P$7 -> 1347.7889 | N15: =G15*$O$7+J15*$P$7 -> 867.35346 | P15: =L15/Temperature!$G19 -> 1049.4188 | Q15: =M15/Temperature!$G19 -> 1362.4121 | R15: =N15/Temperature!$G19 -> 876.76406
A16: 2025 | B16: =B15+$C$11 -> 1.0833333 | E16: =E$3/$B16+E$4 -> 1492.9849 | F16: =F$3/$B16+F$4 -> 2133.3867 | G16: =G$3/$B16+G$4 -> 1174.5402 | H16: =H$3/$B16+H$4 -> 785.32994 | I16: =I$3/$B16+I$4 -> 913.84393 | J16: =J$3/$B16+J$4 -> 695.67637 | L16: =E16*$O$7+H16*$P$7 -> 1033.0092 | M16: =F16*$O$7+I16*$P$7 -> 1340.6839 | N16: =G16*$O$7+J16*$P$7 -> 863.27872 | P16: =L16/Temperature!$G20 -> 1047.0572 | Q16: =M16/Temperature!$G20 -> 1358.916 | R16: =N16/Temperature!$G20 -> 875.01855
A17: 2026 | B17: =B16+$C$11 -> 1.1 | E17: =E$3/$B17+E$4 -> 1484.9118 | F17: =F$3/$B17+F$4 -> 2121.2325 | G17: =G$3/$B17+G$4 -> 1168.4964 | H17: =H$3/$B17+H$4 -> 782.00025 | I17: =I$3/$B17+I$4 -> 909.789 | J17: =J$3/$B17+J$4 -> 692.85185 | L17: =E17*$O$7+H17*$P$7 -> 1028.0193 | M17: =F17*$O$7+I17*$P$7 -> 1333.7942 | N17: =G17*$O$7+J17*$P$7 -> 859.32746 | P17: =L17/Temperature!$G21 -> 1044.8412 | Q17: =M17/Temperature!$G21 -> 1355.6197 | R17: =N17/Temperature!$G21 -> 873.38902
A18: 2027 | B18: =B17+$C$11 -> 1.1166667 | E18: =E$3/$B18+E$4 -> 1477.0797 | F18: =F$3/$B18+F$4 -> 2109.4411 | G18: =G$3/$B18+G$4 -> 1162.6331 | H18: =H$3/$B18+H$4 -> 778.76994 | I18: =I$3/$B18+I$4 -> 905.85512 | J18: =J$3/$B18+J$4 -> 690.11164 | L18: =E18*$O$7+H18*$P$7 -> 1023.1784 | M18: =F18*$O$7+I18*$P$7 -> 1327.1102 | N18: =G18*$O$7+J18*$P$7 -> 855.49414 | P18: =L18/Temperature!$G22 -> 1042.765 | Q18: =M18/Temperature!$G22 -> 1352.5149 | R18: =N18/Temperature!$G22 -> 871.87078
A19: 2028 | B19: =B18+$C$11 -> 1.1333333 | E19: =E$3/$B19+E$4 -> 1469.4779 | F19: =F$3/$B19+F$4 -> 2097.9965 | G19: =G$3/$B19+G$4 -> 1156.9422 | H19: =H$3/$B19+H$4 -> 775.63465 | I19: =I$3/$B19+I$4 -> 902.03693 | J19: =J$3/$B19+J$4 -> 687.45202 | L19: =E19*$O$7+H19*$P$7 -> 1018.4798 | M19: =F19*$O$7+I19*$P$7 -> 1320.6228 | N19: =G19*$O$7+J19*$P$7 -> 851.77357 | P19: =L19/Temperature!$G23 -> 1040.8228 | Q19: =M19/Temperature!$G23 -> 1349.5941 | R19: =N19/Temperature!$G23 -> 870.45944
A20: 2029 | B20: =B19+$C$11 -> 1.15 | E20: =E$3/$B20+E$4 -> 1462.0965 | F20: =F$3/$B20+F$4 -> 2086.8836 | G20: =G$3/$B20+G$4 -> 1151.4162 | H20: =H$3/$B20+H$4 -> 772.59023 | I20: =I$3/$B20+I$4 -> 898.32942 | J20: =J$3/$B20+J$4 -> 684.86949 | L20: =E20*$O$7+H20*$P$7 -> 1013.9174 | M20: =F20*$O$7+I20*$P$7 -> 1314.3234 | N20: =G20*$O$7+J20*$P$7 -> 848.16085 | P20: =L20/Temperature!$G24 -> 1039.0095 | Q20: =M20/Temperature!$G24 -> 1346.8498 | R20: =N20/Temperature!$G24 -> 869.15084
A21: 2030 | B21: =B20+$C$11 -> 1.1666667 | E21: =E$3/$B21+E$4 -> 1454.9259 | F21: =F$3/$B21+F$4 -> 2076.0883 | G21: =G$3/$B21+G$4 -> 1146.0481 | H21: =H$3/$B21+H$4 -> 769.6328 | I21: =I$3/$B21+I$4 -> 894.72784 | J21: =J$3/$B21+J$4 -> 682.36075 | L21: =E21*$O$7+H21*$P$7 -> 1009.4854 | M21: =F21*$O$7+I21*$P$7 -> 1308.204 | N21: =G21*$O$7+J21*$P$7 -> 844.65134 | P21: =L21/Temperature!$G25 -> 1037.3202 | Q21: =M21/Temperature!$G25 -> 1344.2754 | R21: =N21/Temperature!$G25 -> 867.94109
A22: 2031 | B22: =B21+$C$11 -> 1.1833333 | E22: =E$3/$B22+E$4 -> 1447.9574 | F22: =F$3/$B22+F$4 -> 2065.597 | G22: =G$3/$B22+G$4 -> 1140.8313 | H22: =H$3/$B22+H$4 -> 766.75867 | I22: =I$3/$B22+I$4 -> 891.22771 | J22: =J$3/$B22+J$4 -> 679.92268 | L22: =E22*$O$7+H22*$P$7 -> 1005.1782 | M22: =F22*$O$7+I22*$P$7 -> 1302.257 | N22: =G22*$O$7+J22*$P$7 -> 841.24069 | P22: =L22/Temperature!$G26 -> 1035.7501 | Q22: =M22/Temperature!$G26 -> 1341.8643 | R22: =N22/Temperature!$G26 -> 866.82652
A23: 2032 | B23: =B22+$C$11 -> 1.2 | E23: =E$3/$B23+E$4 -> 1441.1824 | F23: =F$3/$B23+F$4 -> 2055.3972 | G23: =G$3/$B23+G$4 -> 1135.7593 | H23: =H$3/$B23+H$4 -> 763.96439 | I23: =I$3/$B23+I$4 -> 887.82481 | J23: =J$3/$B23+J$4 -> 677.55233 | L23: =E23*$O$7+H23*$P$7 -> 1000.9907 | M23: =F23*$O$7+I23*$P$7 -> 1296.4751 | N23: =G23*$O$7+J23*$P$7 -> 837.92479 | P23: =L23/Temperature!$G27 -> 1034.295 | Q23: =M23/Temperature!$G27 -> 1339.6106 | R23: =N23/Temperature!$G27 -> 865.80366
A24: 2033 | B24: =B23+$C$11 -> 1.2166667 | E24: =E$3/$B24+E$4 -> 1434.593 | F24: =F$3/$B24+F$4 -> 2045.4768 | G24: =G$3/$B24+G$4 -> 1130.8264 | H24: =H$3/$B24+H$4 -> 761.24665 | I24: =I$3/$B24+I$4 -> 884.51513 | J24: =J$3/$B24+J$4 -> 675.24693 | L24: =E24*$O$7+H24*$P$7 -> 996.91789 | M24: =F24*$O$7+I24*$P$7 -> 1290.8517 | N24: =G24*$O$7+J24*$P$7 -> 834.69973 | P24: =L24/Temperature!$G28 -> 1032.9506 | Q24: =M24/Temperature!$G28 -> 1337.5085 | R24: =N24/Temperature!$G28 -> 864.86925
A25: 2034 | B25: =B24+$C$11 -> 1.2333333 | E25: =E$3/$B25+E$4 -> 1428.1818 | F25: =F$3/$B25+F$4 -> 2035.8245 | G25: =G$3/$B25+G$4 -> 1126.0267 | H25: =H$3/$B25+H$4 -> 758.60237 | I25: =I$3/$B25+I$4 -> 881.29491 | J25: =J$3/$B25+J$4 -> 673.00383 | L25: =E25*$O$7+H25*$P$7 -> 992.95516 | M25: =F25*$O$7+I25*$P$7 -> 1285.3803 | N25: =G25*$O$7+J25*$P$7 -> 831.56183 | P25: =L25/Temperature!$G29 -> 1031.7132 | Q25: =M25/Temperature!$G29 -> 1335.5525 | R25: =N25/Temperature!$G29 -> 864.02019
A26: 2035 | B26: =B25+$C$11 -> 1.25 | E26: =E$3/$B26+E$4 -> 1421.9415 | F26: =F$3/$B26+F$4 -> 2026.4297 | G26: =G$3/$B26+G$4 -> 1121.355 | H26: =H$3/$B26+H$4 -> 756.02861 | I26: =I$3/$B26+I$4 -> 878.16056 | J26: =J$3/$B26+J$4 -> 670.82055 | L26: =E26*$O$7+H26*$P$7 -> 989.0981 | M26: =F26*$O$7+I26*$P$7 -> 1280.0547 | N26: =G26*$O$7+J26*$P$7 -> 828.50761 | P26: =L26/Temperature!$G30 -> 1030.5789 | Q26: =M26/Temperature!$G30 -> 1333.7377 | R26: =N26/Temperature!$G30 -> 863.25357
... A40: 2049 | B40: =B39+$C$11 -> 1.4833333 | E40: =E$3/$B40+E$4 -> 1349.3015 | F40: =F$3/$B40+F$4 -> 1917.0691 | G40: =G$3/$B40+G$4 -> 1066.9746 | H40: =H$3/$B40+H$4 -> 726.06881 | I40: =I$3/$B40+I$4 -> 841.67531 | J40: =J$3/$B40+J$4 -> 645.40616 | L40: =E40*$O$7+H40*$P$7 -> 944.20025 | M40: =F40*$O$7+I40*$P$7 -> 1218.0631 | N40: =G40*$O$7+J40*$P$7 -> 792.95513 | P40: =L40/Temperature!$G44 -> 1023.8748 | Q40: =M40/Temperature!$G44 -> 1320.8471 | R40: =N40/Temperature!$G44 -> 859.86712
A41: 2050 | B41: 1.5 | E41: =E$3/$B41+E$4 -> 1344.9777 | F41: =F$3/$B41+F$4 -> 1910.5595 | G41: =G$3/$B41+G$4 -> 1063.7377 | H41: =H$3/$B41+H$4 -> 724.28549 | I41: =I$3/$B41+I$4 -> 839.50357 | J41: =J$3/$B41+J$4 -> 643.8934 | L41: =E41*$O$7+H41*$P$7 -> 941.52776 | M41: =F41*$O$7+I41*$P$7 -> 1214.3732 | N41: =G41*$O$7+J41*$P$7 -> 790.83891 | P41: =L41/Temperature!$G45 -> 1023.9562 | Q41: =M41/Temperature!$G45 -> 1320.6886 | R41: =N41/Temperature!$G45 -> 860.07494

Sheet Best
A1: 育苗数据 | J1: 市场售卖鲍鱼品种比例
B2: 皱纹盘鲍 | C2: 绿盘鲍 | D2: 综合 | J2: 数据时间 | K2: 皱纹盘鲍 | L2: 绿盘鲍
A3: 能源 | B3: 0.0253 | C3: 0.013 | D3: 0.013049087 | E3: =D3/$D$9 -> 0.56511661 | F3: =E3/SUM($E$3:$E$7) -> 0.56551799 | J3: 2020 | K3: 0.95 | L3: 0.05
A4: 基建 | B4: 0.00144 | C4: 0.0049 | D4: 0.0048985818 | E4: =D4/$D$9 -> 0.2121428 | F4: =E4/SUM($E$3:$E$7) -> 0.21229348 | J4: 2021 | K4: 0.95 | L4: 0.05
A5: 饲料 | B5: 0.0109 | C5: 0.0045227308 | D5: 0.0045227308 | E5: =D5/$D$9 -> 0.19586583 | F5: =E5/SUM($E$3:$E$7) -> 0.19600495 | J5: 2022 | K5: 0.925 | L5: 0.075
A6: 运输 | B6: 0.000175 | C6: 0.000602 | D6: 0.00060240655 | E6: =D6/$D$9 -> 0.026088411 | F6: =E6/SUM($E$3:$E$7) -> 0.026106941 | J6: 2023 | K6: 0.7 | L6: 0.3
A7: 设备 | B7: NA | C7: 1.77e-06 | D7: 1.7683561e-06 | E7: =D7/$D$9 -> 7.6582172e-05 | F7: =E7/SUM($E$3:$E$7) -> 7.6636565e-05 | J7: 2024 | K7: 0.35 | L7: 0.65 | AK7: =(AK17-AK11)/($AJ$17-$AJ$11)*5 -> -0.00057510605 | AL7: =(AL17-AL11)/($AJ$17-$AJ$11)*5 -> -0.000668726 | AM7: =(AM17-AM11)/($AJ$17-$AJ$11)*5 -> -0.00051853185 | AN7: =(AN17-AN11)/($AJ$17-$AJ$11)*5 -> 0.0017623639
A8: 化学品 | B8: NA | C8: 1.64e-05 | D8: 1.6388967e-05 | E8: =D8/$D$9 -> 0.00070975674
A9: 总计 | B9: 0.025 | C9: 0.023042901 | D9: 0.023090964 | AJ9: 所占比例
AK10: 饲料 | AL10: 设备 | AM10: 能源(柴油） | AN10: 运输
AJ11: 20 | AK11: =W15 -> 0.65725193 | AL11: =W16 -> 0.015144737 | AM11: =W17 -> 0.013431721 | AN11: =W19 -> 0.31417162
A12: 原始 | I12: 2050 | AJ12: 25 | AK12: =AK11+AK$7 -> 0.65667682 | AL12: =AL11+AL$7 -> 0.014476011 | AM12: =AM11+AM$7 -> 0.012913189 | AN12: =AN11+AN$7 -> 0.31593398
B13: 皱纹盘鲍 | E13: 绿盘鲍 | J13: 皱纹盘鲍 | M13: 绿盘鲍 | R13: 原始 | Y13: 2050 | AJ13: 30 | AK13: =AK12+AK$7 -> 0.65610171 | AL13: =AL12+AL$7 -> 0.013807285 | AM13: =AM12+AM$7 -> 0.012394657 | AN13: =AN12+AN$7 -> 0.31769634
B14: mean | C14: max | D14: min | E14: mean | F14: max | G14: min | J14: mean | K14: max | L14: min | M14: mean | N14: max | O14: min | S14: mean | T14: ratio | U14: mean | V14: ratio | W14: ave | Z14: mean | AA14: ratio | AJ14: 35 | AK14: =AK13+AK$7 -> 0.65552661 | AL14: =AL13+AL$7 -> 0.013138559 | AM14: =AM13+AM$7 -> 0.011876125 | AN14: =AN13+AN$7 -> 0.31945871
A15: 饲料 | B15: ='Case (Ave)'!E2+'Case (Ave)'!D19*D9*F5 -> 289.32456 | C15: ='Case (Ave)'!K2+'Case (Ave)'!J19*D9*F5 -> 368.42138 | D15: ='Case (Ave)'!Q2+'Case (Ave)'!P19*D9*F5 -> 249.99305 | E15: ='Case (Ave)'!E40+'Case (Ave)'!D58*D9*F5 -> 210.15748 | F15: ='Case (Ave)'!K40+'Case (Ave)'!J58*D9*F5 -> 226.99414 | G15: ='Case (Ave)'!Q40+'Case (Ave)'!P58*D9*F5 -> 198.42964 | I15: 饲料 | J15: ='Case (Mode2050)'!E2+'Case (Mode2050)'!D19*D9*F5 -> 277.90378 | K15: ='Case (Mode2050)'!#REF!+'Case (Mode2050)'!#REF!*D9*F5 -> #REF! | L15: ='Case (Mode2050)'!#REF!+'Case (Mode2050)'!#REF!*D9*F5 -> #REF! | M15: ='Case (Mode2050)'!E40+'Case (Mode2050)'!D58*D9*F5 -> 204.5152 | N15: ='Case (Mode2050)'!#REF!+'Case (Mode2050)'!#REF!*D9*F5 -> #REF! | O15: ='Case (Mode2050)'!#REF!+'Case (Mode2050)'!#REF!*D9*F5 -> #REF! | R15: 饲料 | S15: =B15*$K$3+$L$3*E15 -> 285.3662 | T15: =S15/$S$21 -> 0.65047575 | U15: =$K$7*B15+$L$7*E15 -> 237.86596 | V15: =U15/$U$21 -> 0.6640281 | W15: =AVERAGE(T15,V15) -> 0.65725193 | Y15: 饲料 | Z15: =$K$7*J15+M15*$L$7 -> 230.2012 | AA15: =Z15/$Z$21 -> 0.65380129 | AJ15: 40 | AK15: =AK14+AK$7 -> 0.6549515 | AL15: =AL14+AL$7 -> 0.012469833 | AM15: =AM14+AM$7 -> 0.011357593 | AN15: =AN14+AN$7 -> 0.32122107
A16: 设备 | B16: ='Case (Ave)'!E3+'Case (Ave)'!D19*D9*F7 -> 7.4529835 | C16: ='Case (Ave)'!K3+'Case (Ave)'!J19*D9*F7 -> 11.220577 | D16: ='Case (Ave)'!Q3+'Case (Ave)'!P19*D9*F7 -> 5.5795186 | E16: ='Case (Ave)'!E41+'Case (Ave)'!D58*D9*F7 -> 3.5614086 | F16: ='Case (Ave)'!K41+'Case (Ave)'!J58*D9*F7 -> 4.3371085 | G16: ='Case (Ave)'!Q41+'Case (Ave)'!P58*D9*F7 -> 3.0210824 | I16: 设备 | J16: ='Case (Mode2050)'!E3+'Case (Mode2050)'!D19*D9*F7 -> 5.5445681 | K16: ='Case (Mode2050)'!#REF!+'Case (Mode2050)'!#REF!*D9*F7 -> #REF! | L16: ='Case (Mode2050)'!#REF!+'Case (Mode2050)'!#REF!*D9*F7 -> #REF! | M16: ='Case (Mode2050)'!E41+'Case (Mode2050)'!D58*D9*F7 -> 3.0447303 | N16: ='Case (Mode2050)'!#REF!+'Case (Mode2050)'!#REF!*D9*F7 -> #REF! | O16: ='Case (Mode2050)'!#REF!+'Case (Mode2050)'!#REF!*D9*F7 -> #REF! | R16: 设备 | S16: =B16*$K$3+$L$3*E16 -> 7.2584047 | T16: =S16/$S$21 -> 0.016545114 | U16: =$K$7*B16+$L$7*E16 -> 4.9234598 | V16: =U16/$U$21 -> 0.013744361 | W16: =AVERAGE(T16,V16) -> 0.015144737 | Y16: 设备 | Z16: =$K$7*J16+M16*$L$7 -> 3.9196735 | AA16: =Z16/$Z$21 -> 0.011132381 | AJ16: 45 | AK16: =AK15+AK$7 -> 0.6543764 | AL16: =AL15+AL$7 -> 0.011801107 | AM16: =AM15+AM$7 -> 0.010839061 | AN16: =AN15+AN$7 -> 0.32298343
A17: 能源(柴油） | B17: ='Case (Ave)'!E4 -> 7.3350406 | C17: ='Case (Ave)'!K4 -> 11.043012 | D17: ='Case (Ave)'!Q4 -> 5.4912232 | E17: ='Case (Ave)'!E42 -> 1.9770848 | F17: ='Case (Ave)'!K42 -> 2.4077078 | G17: ='Case (Ave)'!Q42 -> 1.6771274 | I17: 能源(柴油） | J17: ='Case (Mode2050)'!E4 -> 7.5373945 | K17: ='Case (Mode2050)'!#REF! -> #REF! | L17: ='Case (Mode2050)'!#REF! -> #REF! | M17: ='Case (Mode2050)'!E42 -> 1.5319003 | N17: ='Case (Mode2050)'!#REF! -> #REF! | O17: ='Case (Mode2050)'!#REF! -> #REF! | R17: 能源(柴油） | S17: =B17*$K$3+$L$3*E17 -> 7.0671428 | T17: =S17/$S$21 -> 0.016109143 | U17: =$K$7*B17+$L$7*E17 -> 3.8523693 | V17: =U17/$U$21 -> 0.010754298 | W17: =AVERAGE(T17,V17) -> 0.013431721 | Y17: 能源(柴油） | Z17: =$K$7*J17+M17*$L$7 -> 3.6338233 | AA17: =Z17/$Z$21 -> 0.01032053 | AJ17: 50 | AK17: =AA15 -> 0.65380129 | AL17: =AA16 -> 0.011132381 | AM17: =AA17 -> 0.01032053 | AN17: =AA19 -> 0.3247458
A18: 基建 | B18: ='Case (Ave)'!D29 -> 577.22835 | C18: ='Case (Ave)'!J29 -> 869.02579 | D18: ='Case (Ave)'!P29 -> 432.1298 | E18: ='Case (Ave)'!D69 -> 238.07336 | F18: ='Case (Ave)'!J69 -> 289.92742 | G18: ='Case (Ave)'!P69 -> 201.95359 | I18: 基建 | J18: ='Case (Mode2050)'!D29 -> 604.73813 | K18: ='Case (Mode2050)'!#REF! -> #REF! | L18: ='Case (Mode2050)'!#REF! -> #REF! | M18: ='Case (Mode2050)'!D69 -> 213.66196 | N18: ='Case (Mode2050)'!#REF! -> #REF! | O18: ='Case (Mode2050)'!#REF! -> #REF! | R18: 基建 | Y18: 基建
A19: 运输 | B19: =SUM('Case (Ave)'!E15:E18)+'Case (Ave)'!D19*D9*F6 -> 141.29851 | C19: =SUM('Case (Ave)'!K15:K18)+'Case (Ave)'!J19*D9*F6 -> 165.5638 | D19: =SUM('Case (Ave)'!Q15:Q18)+'Case (Ave)'!P19*D9*F6 -> 129.2324 | E19: =SUM('Case (Ave)'!E54:E57)+'Case (Ave)'!D58*D9*F6 -> 95.56991 | F19: =SUM('Case (Ave)'!K54:K57)+'Case (Ave)'!J58*D9*F6 -> 102.78642 | G19: =SUM('Case (Ave)'!Q54:Q57)+'Case (Ave)'!P58*D9*F6 -> 90.408043 | I19: 运输 | J19: =SUM('Case (Mode2050)'!E15:E18)+'Case (Mode2050)'!D19*D9*F6 -> 136.24845 | K19: =SUM('Case (Mode2050)'!#REF!)+'Case (Mode2050)'!#REF!*D9*F6 -> #REF! | L19: =SUM('Case (Mode2050)'!#REF!)+'Case (Mode2050)'!#REF!*D9*F6 -> #REF! | M19: =SUM('Case (Mode2050)'!E54:E57)+'Case (Mode2050)'!D58*D9*F6 -> 102.54605 | N19: =SUM('Case (Mode2050)'!#REF!)+'Case (Mode2050)'!#REF!*D9*F6 -> #REF! | O19: =SUM('Case (Mode2050)'!#REF!)+'Case (Mode2050)'!#REF!*D9*E6 -> #REF! | R19: 运输 | S19: =B19*$K$3+$L$3*E19 -> 139.01208 | T19: =S19/$S$21 -> 0.31686999 | U19: =$K$7*B19+$L$7*E19 -> 111.57492 | V19: =U19/$U$21 -> 0.31147324 | W19: =AVERAGE(T19,V19) -> 0.31417162 | Y19: 运输 | Z19: =$K$7*J19+M19*$L$7 -> 114.34189 | AA19: =Z19/$Z$21 -> 0.3247458
A20: 能源(电力input） | B20: ='Case (Ave)'!C27 -> 805.56256 | C20: ='Case (Ave)'!I27 -> 1212.7863 | D20: ='Case (Ave)'!O27 -> 603.06739 | E20: ='Case (Ave)'!C67 -> 397.97713 | F20: ='Case (Ave)'!I67 -> 484.65935 | G20: ='Case (Ave)'!O67 -> 337.59723 | I20: 能源(电力input） | J20: ='Case (Mode2050)'!C27 -> 775.9079 | K20: ='Case (Mode2050)'!#REF! -> #REF! | L20: ='Case (Mode2050)'!#REF! -> #REF! | M20: ='Case (Mode2050)'!C67 -> 383.32665 | N20: ='Case (Mode2050)'!#REF! -> #REF! | O20: ='Case (Mode2050)'!#REF! -> #REF! | R20: 能源(电力input） | Y20: 能源(电力input）
A21: 除电力与基建外 | B21: =B15+B16+B17+B19 -> 445.41109 | C21: =C15+C16+C17+C19 -> 556.24878 | D21: =D15+D16+D17+D19 -> 390.29619 | E21: =E15+E16+E17+E19 -> 311.26589 | F21: =F15+F16+F17+F19 -> 336.52538 | G21: =G15+G16+G17+G19 -> 293.53589 | I21: 除电力与基建外 | J21: =J15+J16+J17+J19 -> 427.23419 | K21: =K15+K16+K17+K19 -> #REF! | L21: =L15+L16+L17+L19 -> #REF! | M21: =M15+M16+M17+M19 -> 311.63788 | N21: =N15+N16+N17+N19 -> #REF! | O21: =O15+O16+O17+O19 -> #REF! | R21: 除电力与基建外 | S21: =B21*$K$3+$L$3*E21 -> 438.70383 | U21: =$K$7*B21+$L$7*E21 -> 358.21671 | Y21: 除电力与基建外 | Z21: =$K$7*J21+M21*$L$7 -> 352.09659
I24: =(I59-I29)/($P$59-$P$29) -> 0.91699286 | J24: =(J59-J29)/($P$59-$P$29) -> #REF! | K24: =(K59-K29)/($P$59-$P$29) -> #REF! | L24: =(L59-L29)/($P$59-$P$29) -> -0.81371354 | M24: =(M59-M29)/($P$59-$P$29) -> #REF! | N24: =(N59-N29)/($P$59-$P$29) -> #REF! | Q24: =(B59-B29)/($A$59-$A$29) -> -0.98848874 | R24: =(C59-C29)/($A$59-$A$29) -> #REF! | S24: =(D59-D29)/($A$59-$A$29) -> #REF! | T24: =(E59-E29)/($A$59-$A$29) -> -0.48834929 | U24: =(F59-F29)/($A$59-$A$29) -> #REF! | V24: =(G59-G29)/($A$59-$A$29) -> #REF! | AC24: =(AC59-AC29)/($P$59-$P$29) -> -0.60589672 | AD24: =(AD59-AD29)/($P$59-$P$29) -> #REF! | AE24: =(AE59-AE29)/($P$59-$P$29) -> #REF! | AF24: =(AF59-AF29)/($P$59-$P$29) -> 0.012399874 | AG24: =(AG59-AG29)/($P$59-$P$29) -> #REF! | AH24: =(AH59-AH29)/($P$59-$P$29) -> #REF!
B26: 电力input | I26: 基建（仅mode无延长寿命） | Q26: 电力 | W26: 基建 | AC26: 其他
B27: 皱纹盘鲍 | E27: 绿盘鲍 | I27: 皱纹盘鲍 | L27: 绿盘鲍 | Q27: 皱纹盘鲍 | T27: 绿盘鲍 | W27: 皱纹盘鲍 | Z27: 绿盘鲍 | AC27: 皱纹盘鲍 | AF27: 绿盘鲍
B28: mean | C28: max | D28: min | E28: mean | F28: max | G28: min | I28: mean | J28: max | K28: min | L28: mean | M28: max | N28: min | Q28: mean | R28: max | S28: min | T28: mean | U28: max | V28: min | W28: mean | X28: max | Y28: min | Z28: mean | AA28: max | AB28: min | AC28: mean | AD28: max | AE28: min | AF28: mean | AG28: max | AH28: min
A29: 2020 | B29: =B20 -> 805.56256 | C29: =C20 -> 1212.7863 | D29: =D20 -> 603.06739 | E29: =E20 -> 397.97713 | F29: =F20 -> 484.65935 | G29: =G20 -> 337.59723 | I29: =B18 -> 577.22835 | J29: =C18 -> 869.02579 | K29: =D18 -> 432.1298 | L29: =E18 -> 238.07336 | M29: =F18 -> 289.92742 | N29: =G18 -> 201.95359 | P29: 2020 | Q29: =B29*'Elec str'!$I3 -> 514.74769 | R29: =C29*'Elec str'!$I3 -> 774.96024 | S29: =D29*'Elec str'!$I3 -> 385.35498 | T29: =E29*'Elec str'!$I3 -> 254.30403 | U29: =F29*'Elec str'!$I3 -> 309.69324 | V29: =G29*'Elec str'!$I3 -> 215.72179 | W29: =I29/Infrastructure!$B11 -> 577.22835 | X29: =J29/Infrastructure!$B11 -> 869.02579 | Y29: =K29/Infrastructure!$B11 -> 432.1298 | Z29: =L29/Infrastructure!$B11 -> 238.07336 | AA29: =M29/Infrastructure!$B11 -> 289.92742 | AB29: =N29/Infrastructure!$B11 -> 201.95359 | AC29: =B21 -> 445.41109 | AD29: =C21 -> 556.24878 | AE29: =D21 -> 390.29619 | AF29: =E21 -> 311.26589 | AG29: =F21 -> 336.52538 | AH29: =G21 -> 293.53589
A30: 2021 | B30: =B29+Q$24 -> 804.57407 | C30: =C29+R$24 -> #REF! | D30: =D29+S$24 -> #REF! | E30: =E29+T$24 -> 397.48878 | F30: =F29+U$24 -> #REF! | G30: =G29+V$24 -> #REF! | I30: =I29+I$24 -> 578.14534 | J30: =J29+J$24 -> #REF! | K30: =K29+K$24 -> #REF! | L30: =L29+L$24 -> 237.25965 | M30: =M29+M$24 -> #REF! | N30: =N29+N$24 -> #REF! | P30: 2021 | Q30: =B30*'Elec str'!$I4 -> 514.11605 | R30: =C30*'Elec str'!$I4 -> #REF! | S30: =D30*'Elec str'!$I4 -> #REF! | T30: =E30*'Elec str'!$I4 -> 253.99198 | U30: =F30*'Elec str'!$I4 -> #REF! | V30: =G30*'Elec str'!$I4 -> #REF! | W30: =I30/Infrastructure!$B12 -> 568.66755 | X30: =J30/Infrastructure!$B12 -> #REF! | Y30: =K30/Infrastructure!$B12 -> #REF! | Z30: =L30/Infrastructure!$B12 -> 233.37015 | AA30: =M30/Infrastructure!$B12 -> #REF! | AB30: =N30/Infrastructure!$B12 -> #REF! | AC30: =AC29+AC$24 -> 444.80519 | AD30: =AD29+AD$24 -> #REF! | AE30: =AE29+AE$24 -> #REF! | AF30: =AF29+AF$24 -> 311.27829 | AG30: =AG29+AG$24 -> #REF! | AH30: =AH29+AH$24 -> #REF!
A31: 2022 | B31: =B30+Q$24 -> 803.58558 | C31: =C30+R$24 -> #REF! | D31: =D30+S$24 -> #REF! | E31: =E30+T$24 -> 397.00043 | F31: =F30+U$24 -> #REF! | G31: =G30+V$24 -> #REF! | I31: =I30+I$24 -> 579.06233 | J31: =J30+J$24 -> #REF! | K31: =K30+K$24 -> #REF! | L31: =L30+L$24 -> 236.44593 | M31: =M30+M$24 -> #REF! | N31: =N30+N$24 -> #REF! | P31: 2022 | Q31: =B31*'Elec str'!$I5 -> 513.48442 | R31: =C31*'Elec str'!$I5 -> #REF! | S31: =D31*'Elec str'!$I5 -> #REF! | T31: =E31*'Elec str'!$I5 -> 253.67993 | U31: =F31*'Elec str'!$I5 -> #REF! | V31: =G31*'Elec str'!$I5 -> #REF! | W31: =I31/Infrastructure!$B13 -> 560.3829 | X31: =J31/Infrastructure!$B13 -> #REF! | Y31: =K31/Infrastructure!$B13 -> #REF! | Z31: =L31/Infrastructure!$B13 -> 228.81865 | AA31: =M31/Infrastructure!$B13 -> #REF! | AB31: =N31/Infrastructure!$B13 -> #REF! | AC31: =AC30+AC$24 -> 444.1993 | AD31: =AD30+AD$24 -> #REF! | AE31: =AE30+AE$24 -> #REF! | AF31: =AF30+AF$24 -> 311.29069 | AG31: =AG30+AG$24 -> #REF! | AH31: =AH30+AH$24 -> #REF!
A32: 2023 | B32: =B31+Q$24 -> 802.59709 | C32: =C31+R$24 -> #REF! | D32: =D31+S$24 -> #REF! | E32: =E31+T$24 -> 396.51208 | F32: =F31+U$24 -> #REF! | G32: =G31+V$24 -> #REF! | I32: =I31+I$24 -> 579.97932 | J32: =J31+J$24 -> #REF! | K32: =K31+K$24 -> #REF! | L32: =L31+L$24 -> 235.63222 | M32: =M31+M$24 -> #REF! | N32: =N31+N$24 -> #REF! | P32: 2023 | Q32: =B32*'Elec str'!$I6 -> 498.0115 | R32: =C32*'Elec str'!$I6 -> #REF! | S32: =D32*'Elec str'!$I6 -> #REF! | T32: =E32*'Elec str'!$I6 -> 246.03574 | U32: =F32*'Elec str'!$I6 -> #REF! | V32: =G32*'Elec str'!$I6 -> #REF! | W32: =I32/Infrastructure!$B14 -> 552.36126 | X32: =J32/Infrastructure!$B14 -> #REF! | Y32: =K32/Infrastructure!$B14 -> #REF! | Z32: =L32/Infrastructure!$B14 -> 224.41164 | AA32: =M32/Infrastructure!$B14 -> #REF! | AB32: =N32/Infrastructure!$B14 -> #REF! | AC32: =AC31+AC$24 -> 443.5934 | AD32: =AD31+AD$24 -> #REF! | AE32: =AE31+AE$24 -> #REF! | AF32: =AF31+AF$24 -> 311.30309 | AG32: =AG31+AG$24 -> #REF! | AH32: =AH31+AH$24 -> #REF!
A33: 2024 | B33: =B32+Q$24 -> 801.6086 | C33: =C32+R$24 -> #REF! | D33: =D32+S$24 -> #REF! | E33: =E32+T$24 -> 396.02373 | F33: =F32+U$24 -> #REF! | G33: =G32+V$24 -> #REF! | I33: =I32+I$24 -> 580.89632 | J33: =J32+J$24 -> #REF! | K33: =K32+K$24 -> #REF! | L33: =L32+L$24 -> 234.81851 | M33: =M32+M$24 -> #REF! | N33: =N32+N$24 -> #REF! | P33: 2024 | Q33: =B33*'Elec str'!$I7 -> 474.8435 | R33: =C33*'Elec str'!$I7 -> #REF! | S33: =D33*'Elec str'!$I7 -> #REF! | T33: =E33*'Elec str'!$I7 -> 234.58991 | U33: =F33*'Elec str'!$I7 -> #REF! | V33: =G33*'Elec str'!$I7 -> #REF! | W33: =I33/Infrastructure!$B15 -> 544.5903 | X33: =J33/Infrastructure!$B15 -> #REF! | Y33: =K33/Infrastructure!$B15 -> #REF! | Z33: =L33/Infrastructure!$B15 -> 220.14235 | AA33: =M33/Infrastructure!$B15 -> #REF! | AB33: =N33/Infrastructure!$B15 -> #REF! | AC33: =AC32+AC$24 -> 442.9875 | AD33: =AD32+AD$24 -> #REF! | AE33: =AE32+AE$24 -> #REF! | AF33: =AF32+AF$24 -> 311.31549 | AG33: =AG32+AG$24 -> #REF! | AH33: =AH32+AH$24 -> #REF!
A34: 2025 | B34: =B33+Q$24 -> 800.62012 | C34: =C33+R$24 -> #REF! | D34: =D33+S$24 -> #REF! | E34: =E33+T$24 -> 395.53538 | F34: =F33+U$24 -> #REF! | G34: =G33+V$24 -> #REF! | I34: =I33+I$24 -> 581.81331 | J34: =J33+J$24 -> #REF! | K34: =K33+K$24 -> #REF! | L34: =L33+L$24 -> 234.00479 | M34: =M33+M$24 -> #REF! | N34: =N33+N$24 -> #REF! | P34: 2025 | Q34: =B34*'Elec str'!$I8 -> 452.29516 | R34: =C34*'Elec str'!$I8 -> #REF! | S34: =D34*'Elec str'!$I8 -> #REF! | T34: =E34*'Elec str'!$I8 -> 223.45021 | U34: =F34*'Elec str'!$I8 -> #REF! | V34: =G34*'Elec str'!$I8 -> #REF! | W34: =I34/Infrastructure!$B16 -> 537.05844 | X34: =J34/Infrastructure!$B16 -> #REF! | Y34: =K34/Infrastructure!$B16 -> #REF! | Z34: =L34/Infrastructure!$B16 -> 216.00443 | AA34: =M34/Infrastructure!$B16 -> #REF! | AB34: =N34/Infrastructure!$B16 -> #REF! | AC34: =AC33+AC$24 -> 442.3816 | AD34: =AD33+AD$24 -> #REF! | AE34: =AE33+AE$24 -> #REF! | AF34: =AF33+AF$24 -> 311.32789 | AG34: =AG33+AG$24 -> #REF! | AH34: =AH33+AH$24 -> #REF!
A35: 2026 | B35: =B34+Q$24 -> 799.63163 | C35: =C34+R$24 -> #REF! | D35: =D34+S$24 -> #REF! | E35: =E34+T$24 -> 395.04703 | F35: =F34+U$24 -> #REF! | G35: =G34+V$24 -> #REF! | I35: =I34+I$24 -> 582.7303 | J35: =J34+J$24 -> #REF! | K35: =K34+K$24 -> #REF! | L35: =L34+L$24 -> 233.19108 | M35: =M34+M$24 -> #REF! | N35: =N34+N$24 -> #REF! | P35: 2026 | Q35: =B35*'Elec str'!$I9 -> 430.35254 | R35: =C35*'Elec str'!$I9 -> #REF! | S35: =D35*'Elec str'!$I9 -> #REF! | T35: =E35*'Elec str'!$I9 -> 212.60977 | U35: =F35*'Elec str'!$I9 -> #REF! | V35: =G35*'Elec str'!$I9 -> #REF! | W35: =I35/Infrastructure!$B17 -> 529.75482 | X35: =J35/Infrastructure!$B17 -> #REF! | Y35: =K35/Infrastructure!$B17 -> #REF! | Z35: =L35/Infrastructure!$B17 -> 211.99189 | AA35: =M35/Infrastructure!$B17 -> #REF! | AB35: =N35/Infrastructure!$B17 -> #REF! | AC35: =AC34+AC$24 -> 441.77571 | AD35: =AD34+AD$24 -> #REF! | AE35: =AE34+AE$24 -> #REF! | AF35: =AF34+AF$24 -> 311.34029 | AG35: =AG34+AG$24 -> #REF! | AH35: =AH34+AH$24 -> #REF!
A36: 2027 | B36: =B35+Q$24 -> 798.64314 | C36: =C35+R$24 -> #REF! | D36: =D35+S$24 -> #REF! | E36: =E35+T$24 -> 394.55868 | F36: =F35+U$24 -> #REF! | G36: =G35+V$24 -> #REF! | I36: =I35+I$24 -> 583.6473 | J36: =J35+J$24 -> #REF! | K36: =K35+K$24 -> #REF! | L36: =L35+L$24 -> 232.37737 | M36: =M35+M$24 -> #REF! | N36: =N35+N$24 -> #REF! | P36: 2027 | Q36: =B36*'Elec str'!$I10 -> 409.00201 | R36: =C36*'Elec str'!$I10 -> #REF! | S36: =D36*'Elec str'!$I10 -> #REF! | T36: =E36*'Elec str'!$I10 -> 202.06183 | U36: =F36*'Elec str'!$I10 -> #REF! | V36: =G36*'Elec str'!$I10 -> #REF! | W36: =I36/Infrastructure!$B18 -> 522.66922 | X36: =J36/Infrastructure!$B18 -> #REF! | Y36: =K36/Infrastructure!$B18 -> #REF! | Z36: =L36/Infrastructure!$B18 -> 208.09913 | AA36: =M36/Infrastructure!$B18 -> #REF! | AB36: =N36/Infrastructure!$B18 -> #REF! | AC36: =AC35+AC$24 -> 441.16981 | AD36: =AD35+AD$24 -> #REF! | AE36: =AE35+AE$24 -> #REF! | AF36: =AF35+AF$24 -> 311.35269 | AG36: =AG35+AG$24 -> #REF! | AH36: =AH35+AH$24 -> #REF!
A37: 2028 | B37: =B36+Q$24 -> 797.65465 | C37: =C36+R$24 -> #REF! | D37: =D36+S$24 -> #REF! | E37: =E36+T$24 -> 394.07033 | F37: =F36+U$24 -> #REF! | G37: =G36+V$24 -> #REF! | I37: =I36+I$24 -> 584.56429 | J37: =J36+J$24 -> #REF! | K37: =K36+K$24 -> #REF! | L37: =L36+L$24 -> 231.56365 | M37: =M36+M$24 -> #REF! | N37: =N36+N$24 -> #REF! | P37: 2028 | Q37: =B37*'Elec str'!$I11 -> 388.23021 | R37: =C37*'Elec str'!$I11 -> #REF! | S37: =D37*'Elec str'!$I11 -> #REF! | T37: =E37*'Elec str'!$I11 -> 191.79981 | U37: =F37*'Elec str'!$I11 -> #REF! | V37: =G37*'Elec str'!$I11 -> #REF! | W37: =I37/Infrastructure!$B19 -> 515.79202 | X37: =J37/Infrastructure!$B19 -> #REF! | Y37: =K37/Infrastructure!$B19 -> #REF! | Z37: =L37/Infrastructure!$B19 -> 204.32087 | AA37: =M37/Infrastructure!$B19 -> #REF! | AB37: =N37/Infrastructure!$B19 -> #REF! | AC37: =AC36+AC$24 -> 440.56391 | AD37: =AD36+AD$24 -> #REF! | AE37: =AE36+AE$24 -> #REF! | AF37: =AF36+AF$24 -> 311.36509 | AG37: =AG36+AG$24 -> #REF! | AH37: =AH36+AH$24 -> #REF!
A38: 2029 | B38: =B37+Q$24 -> 796.66616 | C38: =C37+R$24 -> #REF! | D38: =D37+S$24 -> #REF! | E38: =E37+T$24 -> 393.58198 | F38: =F37+U$24 -> #REF! | G38: =G37+V$24 -> #REF! | I38: =I37+I$24 -> 585.48128 | J38: =J37+J$24 -> #REF! | K38: =K37+K$24 -> #REF! | L38: =L37+L$24 -> 230.74994 | M38: =M37+M$24 -> #REF! | N38: =N37+N$24 -> #REF! | P38: 2029 | Q38: =B38*'Elec str'!$I12 -> 368.02406 | R38: =C38*'Elec str'!$I12 -> #REF! | S38: =D38*'Elec str'!$I12 -> #REF! | T38: =E38*'Elec str'!$I12 -> 181.81723 | U38: =F38*'Elec str'!$I12 -> #REF! | V38: =G38*'Elec str'!$I12 -> #REF! | W38: =I38/Infrastructure!$B20 -> 509.11416 | X38: =J38/Infrastructure!$B20 -> #REF! | Y38: =K38/Infrastructure!$B20 -> #REF! | Z38: =L38/Infrastructure!$B20 -> 200.65212 | AA38: =M38/Infrastructure!$B20 -> #REF! | AB38: =N38/Infrastructure!$B20 -> #REF! | AC38: =AC37+AC$24 -> 439.95802 | AD38: =AD37+AD$24 -> #REF! | AE38: =AE37+AE$24 -> #REF! | AF38: =AF37+AF$24 -> 311.37749 | AG38: =AG37+AG$24 -> #REF! | AH38: =AH37+AH$24 -> #REF!
A39: 2030 | B39: =B38+Q$24 -> 795.67767 | C39: =C38+R$24 -> #REF! | D39: =D38+S$24 -> #REF! | E39: =E38+T$24 -> 393.09363 | F39: =F38+U$24 -> #REF! | G39: =G38+V$24 -> #REF! | I39: =I38+I$24 -> 586.39827 | J39: =J38+J$24 -> #REF! | K39: =K38+K$24 -> #REF! | L39: =L38+L$24 -> 229.93623 | M39: =M38+M$24 -> #REF! | N39: =N38+N$24 -> #REF! | P39: 2030 | Q39: =B39*'Elec str'!$I13 -> 348.37073 | R39: =C39*'Elec str'!$I13 -> #REF! | S39: =D39*'Elec str'!$I13 -> #REF! | T39: =E39*'Elec str'!$I13 -> 172.10778 | U39: =F39*'Elec str'!$I13 -> #REF! | V39: =G39*'Elec str'!$I13 -> #REF! | W39: =I39/Infrastructure!$B21 -> 502.62709 | X39: =J39/Infrastructure!$B21 -> #REF! | Y39: =K39/Infrastructure!$B21 -> #REF! | Z39: =L39/Infrastructure!$B21 -> 197.08819 | AA39: =M39/Infrastructure!$B21 -> #REF! | AB39: =N39/Infrastructure!$B21 -> #REF! | AC39: =AC38+AC$24 -> 439.35212 | AD39: =AD38+AD$24 -> #REF! | AE39: =AE38+AE$24 -> #REF! | AF39: =AF38+AF$24 -> 311.38989 | AG39: =AG38+AG$24 -> #REF! | AH39: =AH38+AH$24 -> #REF!
A40: 2031 | B40: =B39+Q$24 -> 794.68918 | C40: =C39+R$24 -> #REF! | D40: =D39+S$24 -> #REF! | E40: =E39+T$24 -> 392.60528 | F40: =F39+U$24 -> #REF! | G40: =G39+V$24 -> #REF! | I40: =I39+I$24 -> 587.31527 | J40: =J39+J$24 -> #REF! | K40: =K39+K$24 -> #REF! | L40: =L39+L$24 -> 229.12251 | M40: =M39+M$24 -> #REF! | N40: =N39+N$24 -> #REF! | P40: 2031 | Q40: =B40*'Elec str'!$I14 -> 329.25769 | R40: =C40*'Elec str'!$I14 -> #REF! | S40: =D40*'Elec str'!$I14 -> #REF! | T40: =E40*'Elec str'!$I14 -> 162.66524 | U40: =F40*'Elec str'!$I14 -> #REF! | V40: =G40*'Elec str'!$I14 -> #REF! | W40: =I40/Infrastructure!$B22 -> 496.32276 | X40: =J40/Infrastructure!$B22 -> #REF! | Y40: =K40/Infrastructure!$B22 -> #REF! | Z40: =L40/Infrastructure!$B22 -> 193.62466 | AA40: =M40/Infrastructure!$B22 -> #REF! | AB40: =N40/Infrastructure!$B22 -> #REF! | AC40: =AC39+AC$24 -> 438.74622 | AD40: =AD39+AD$24 -> #REF! | AE40: =AE39+AE$24 -> #REF! | AF40: =AF39+AF$24 -> 311.40229 | AG40: =AG39+AG$24 -> #REF! | AH40: =AH39+AH$24 -> #REF!
A41: 2032 | B41: =B40+Q$24 -> 793.70069 | C41: =C40+R$24 -> #REF! | D41: =D40+S$24 -> #REF! | E41: =E40+T$24 -> 392.11693 | F41: =F40+U$24 -> #REF! | G41: =G40+V$24 -> #REF! | I41: =I40+I$24 -> 588.23226 | J41: =J40+J$24 -> #REF! | K41: =K40+K$24 -> #REF! | L41: =L40+L$24 -> 228.3088 | M41: =M40+M$24 -> #REF! | N41: =N40+N$24 -> #REF! | P41: 2032 | Q41: =B41*'Elec str'!$I15 -> 310.67264 | R41: =C41*'Elec str'!$I15 -> #REF! | S41: =D41*'Elec str'!$I15 -> #REF! | T41: =E41*'Elec str'!$I15 -> 153.48355 | U41: =F41*'Elec str'!$I15 -> #REF! | V41: =G41*'Elec str'!$I15 -> #REF! | W41: =I41/Infrastructure!$B23 -> 490.19355 | X41: =J41/Infrastructure!$B23 -> #REF! | Y41: =K41/Infrastructure!$B23 -> #REF! | Z41: =L41/Infrastructure!$B23 -> 190.25733 | AA41: =M41/Infrastructure!$B23 -> #REF! | AB41: =N41/Infrastructure!$B23 -> #REF! | AC41: =AC40+AC$24 -> 438.14033 | AD41: =AD40+AD$24 -> #REF! | AE41: =AE40+AE$24 -> #REF! | AF41: =AF40+AF$24 -> 311.41469 | AG41: =AG40+AG$24 -> #REF! | AH41: =AH40+AH$24 -> #REF!
... A58: 2049 | B58: =B57+Q$24 -> 776.89639 | C58: =C57+R$24 -> #REF! | D58: =D57+S$24 -> #REF! | E58: =E57+T$24 -> 383.815 | F58: =F57+U$24 -> #REF! | G58: =G57+V$24 -> #REF! | I58: =I57+I$24 -> 603.82114 | J58: =J57+J$24 -> #REF! | K58: =K57+K$24 -> #REF! | L58: =L57+L$24 -> 214.47567 | M58: =M57+M$24 -> #REF! | N58: =N57+N$24 -> #REF! | P58: 2049 | Q58: =B58*'Elec str'!$I32 -> 64.761852 | R58: =C58*'Elec str'!$I32 -> #REF! | S58: =D58*'Elec str'!$I32 -> #REF! | T58: =E58*'Elec str'!$I32 -> 31.994704 | U58: =F58*'Elec str'!$I32 -> #REF! | V58: =G58*'Elec str'!$I32 -> #REF! | W58: =I58/Infrastructure!$B40 -> 407.07043 | X58: =J58/Infrastructure!$B40 -> #REF! | Y58: =K58/Infrastructure!$B40 -> #REF! | Z58: =L58/Infrastructure!$B40 -> 144.59034 | AA58: =M58/Infrastructure!$B40 -> #REF! | AB58: =N58/Infrastructure!$B40 -> #REF! | AC58: =AC57+AC$24 -> 427.84008 | AD58: =AD57+AD$24 -> #REF! | AE58: =AE57+AE$24 -> #REF! | AF58: =AF57+AF$24 -> 311.62548 | AG58: =AG57+AG$24 -> #REF! | AH58: =AH57+AH$24 -> #REF!
A59: 2050 | B59: =J20 -> 775.9079 | C59: =K20 -> #REF! | D59: =L20 -> #REF! | E59: =M20 -> 383.32665 | F59: =N20 -> #REF! | G59: =O20 -> #REF! | I59: =J18 -> 604.73813 | J59: =K18 -> #REF! | K59: =L18 -> #REF! | L59: =M18 -> 213.66196 | M59: =N18 -> #REF! | N59: =O18 -> #REF! | P59: 2050 | Q59: =B59*'Elec str'!$I33 -> 53.846816 | R59: =C59*'Elec str'!$I33 -> #REF! | S59: =D59*'Elec str'!$I33 -> #REF! | T59: =E59*'Elec str'!$I33 -> 26.60228 | U59: =F59*'Elec str'!$I33 -> #REF! | V59: =G59*'Elec str'!$I33 -> #REF! | W59: =I59/Infrastructure!$B41 -> 403.15875 | X59: =J59/Infrastructure!$B41 -> #REF! | Y59: =K59/Infrastructure!$B41 -> #REF! | Z59: =L59/Infrastructure!$B41 -> 142.4413 | AA59: =M59/Infrastructure!$B41 -> #REF! | AB59: =N59/Infrastructure!$B41 -> #REF! | AC59: =J21 -> 427.23419 | AD59: =K21 -> #REF! | AE59: =L21 -> #REF! | AF59: =M21 -> 311.63788 | AG59: =N21 -> #REF! | AH59: =O21 -> #REF!
B62: 皱纹盘鲍 | E62: 绿盘鲍 | I62: 产量变化统一核算 | K62: 温度 | M62: 结果 | P62: 最终碳足迹 | Q62: 皱纹盘鲍 | T62: 绿盘鲍 | W62: Both（带温度）
B63: mean | C63: max | D63: min | E63: mean | F63: max | G63: min | J63: Speed | K63: 皱纹盘鲍 | L63: 绿盘鲍 | M63: 皱纹盘鲍 | N63: 绿盘鲍 | Q63: mean | R63: max | S63: min | T63: mean | U63: max | V63: min | W63: mean | X63: max | Y63: min
A64: 2020 | B64: =(Q29+W29+AC29) -> 1537.3871 | C64: =(R29+X29+AD29) -> 2200.2348 | D64: =(S29+Y29+AE29) -> 1207.781 | E64: =(T29+Z29+AF29) -> 803.64328 | F64: =(U29+AA29+AG29) -> 936.14604 | G64: =(V29+AB29+AH29) -> 711.21127 | I64: 2020 | J64: =Speed!B3 -> 1 | K64: =Temperature!B2 -> 1 | L64: =Temperature!C2 -> 1 | M64: =AVERAGE(J64:K64) -> 1 | N64: =AVERAGE(J64,L64) -> 1 | P64: 2020 | Q64: =B64/$M64 -> 1537.3871 | R64: =C64/$M64 -> 2200.2348 | S64: =D64/$M64 -> 1207.781 | T64: =E64/$N64 -> 803.64328 | U64: =F64/$N64 -> 936.14604 | V64: =G64/$N64 -> 711.21127 | W64: =Q64*$K3+T64*$L3 -> 1500.6999 | X64: =R64*$K3+U64*$L3 -> 2137.0304 | Y64: =S64*$K3+V64*$L3 -> 1182.9525
A65: 2021 | B65: =(Q30+W30+AC30) -> 1527.5888 | C65: =(R30+X30+AD30) -> #REF! | D65: =(S30+Y30+AE30) -> #REF! | E65: =(T30+Z30+AF30) -> 798.64041 | F65: =(U30+AA30+AG30) -> #REF! | G65: =(V30+AB30+AH30) -> #REF! | I65: 2021 | J65: =Speed!B4 -> 1.02 | K65: =Temperature!B3 -> 0.99666667 | L65: =Temperature!C3 -> 0.99766667 | M65: =AVERAGE(J65:K65) -> 1.0083333 | N65: =AVERAGE(J65,L65) -> 1.0088333 | P65: 2021 | Q65: =B65/$M65 -> 1514.9641 | R65: =C65/$M65 -> #REF! | S65: =D65/$M65 -> #REF! | T65: =E65/$N65 -> 791.64753 | U65: =F65/$N65 -> #REF! | V65: =G65/$N65 -> #REF! | W65: =Q65*$K4+T65*$L4 -> 1478.7983 | X65: =R65*$K4+U65*$L4 -> #REF! | Y65: =S65*$K4+V65*$L4 -> #REF!
A66: 2022 | B66: =(Q31+W31+AC31) -> 1518.0666 | C66: =(R31+X31+AD31) -> #REF! | D66: =(S31+Y31+AE31) -> #REF! | E66: =(T31+Z31+AF31) -> 793.78926 | F66: =(U31+AA31+AG31) -> #REF! | G66: =(V31+AB31+AH31) -> #REF! | I66: 2022 | J66: =Speed!B5 -> 1.04 | K66: =Temperature!B4 -> 0.99333333 | L66: =Temperature!C4 -> 0.99533333 | M66: =AVERAGE(J66:K66) -> 1.0166667 | N66: =AVERAGE(J66,L66) -> 1.0176667 | P66: 2022 | Q66: =B66/$M66 -> 1493.1803 | R66: =C66/$M66 -> #REF! | S66: =D66/$M66 -> #REF! | T66: =E66/$N66 -> 780.0091 | U66: =F66/$N66 -> #REF! | V66: =G66/$N66 -> #REF! | W66: =Q66*$K5+T66*$L5 -> 1439.6924 | X66: =R66*$K5+U66*$L5 -> #REF! | Y66: =S66*$K5+V66*$L5 -> #REF!
A67: 2023 | B67: =(Q32+W32+AC32) -> 1493.9662 | C67: =(R32+X32+AD32) -> #REF! | D67: =(S32+Y32+AE32) -> #REF! | E67: =(T32+Z32+AF32) -> 781.75047 | F67: =(U32+AA32+AG32) -> #REF! | G67: =(V32+AB32+AH32) -> #REF! | I67: 2023 | J67: =Speed!B6 -> 1.06 | K67: =Temperature!B5 -> 0.99 | L67: =Temperature!C5 -> 0.993 | M67: =AVERAGE(J67:K67) -> 1.025 | N67: =AVERAGE(J67,L67) -> 1.0265 | P67: 2023 | Q67: =B67/$M67 -> 1457.528 | R67: =C67/$M67 -> #REF! | S67: =D67/$M67 -> #REF! | T67: =E67/$N67 -> 761.56889 | U67: =F67/$N67 -> #REF! | V67: =G67/$N67 -> #REF! | W67: =Q67*$K6+T67*$L6 -> 1248.7402 | X67: =R67*$K6+U67*$L6 -> #REF! | Y67: =S67*$K6+V67*$L6 -> #REF!
A68: 2024 | B68: =(Q33+W33+AC33) -> 1462.4213 | C68: =(R33+X33+AD33) -> #REF! | D68: =(S33+Y33+AE33) -> #REF! | E68: =(T33+Z33+AF33) -> 766.04775 | F68: =(U33+AA33+AG33) -> #REF! | G68: =(V33+AB33+AH33) -> #REF! | I68: 2024 | J68: =Speed!B7 -> 1.08 | K68: =Temperature!B6 -> 0.98666667 | L68: =Temperature!C6 -> 0.99066667 | M68: =AVERAGE(J68:K68) -> 1.0333333 | N68: =AVERAGE(J68,L68) -> 1.0353333 | P68: 2024 | Q68: =B68/$M68 -> 1415.2464 | R68: =C68/$M68 -> #REF! | S68: =D68/$M68 -> #REF! | T68: =E68/$N68 -> 739.90446 | U68: =F68/$N68 -> #REF! | V68: =G68/$N68 -> #REF! | W68: =Q68*$K$7+T68*$L$7 -> 976.27415 | X68: =R68*$K$7+U68*$L$7 -> #REF! | Y68: =S68*$K$7+V68*$L$7 -> #REF!
A69: 2025 | B69: =(Q34+W34+AC34) -> 1431.7352 | C69: =(R34+X34+AD34) -> #REF! | D69: =(S34+Y34+AE34) -> #REF! | E69: =(T34+Z34+AF34) -> 750.78253 | F69: =(U34+AA34+AG34) -> #REF! | G69: =(V34+AB34+AH34) -> #REF! | I69: 2025 | J69: =Speed!B8 -> 1.1 | K69: =Temperature!B7 -> 0.98333333 | L69: =Temperature!C7 -> 0.98833333 | M69: =AVERAGE(J69:K69) -> 1.0416667 | N69: =AVERAGE(J69,L69) -> 1.0441667 | P69: 2025 | Q69: =B69/$M69 -> 1374.4658 | R69: =C69/$M69 -> #REF! | S69: =D69/$M69 -> #REF! | T69: =E69/$N69 -> 719.02556 | U69: =F69/$N69 -> #REF! | V69: =G69/$N69 -> #REF! | W69: =Q69*$K$7+T69*$L$7 -> 948.42964 | X69: =R69*$K$7+U69*$L$7 -> #REF! | Y69: =S69*$K$7+V69*$L$7 -> #REF!
A70: 2026 | B70: =(Q35+W35+AC35) -> 1401.8831 | C70: =(R35+X35+AD35) -> #REF! | D70: =(S35+Y35+AE35) -> #REF! | E70: =(T35+Z35+AF35) -> 735.94194 | F70: =(U35+AA35+AG35) -> #REF! | G70: =(V35+AB35+AH35) -> #REF! | I70: 2026 | J70: =Speed!B9 -> 1.12 | K70: =Temperature!B8 -> 0.98 | L70: =Temperature!C8 -> 0.986 | M70: =AVERAGE(J70:K70) -> 1.05 | N70: =AVERAGE(J70,L70) -> 1.053 | P70: 2026 | Q70: =B70/$M70 -> 1335.1267 | R70: =C70/$M70 -> #REF! | S70: =D70/$M70 -> #REF! | T70: =E70/$N70 -> 698.90023 | U70: =F70/$N70 -> #REF! | V70: =G70/$N70 -> #REF! | W70: =Q70*$K$7+T70*$L$7 -> 921.57951 | X70: =R70*$K$7+U70*$L$7 -> #REF! | Y70: =S70*$K$7+V70*$L$7 -> #REF!
A71: 2027 | B71: =(Q36+W36+AC36) -> 1372.841 | C71: =(R36+X36+AD36) -> #REF! | D71: =(S36+Y36+AE36) -> #REF! | E71: =(T36+Z36+AF36) -> 721.51365 | F71: =(U36+AA36+AG36) -> #REF! | G71: =(V36+AB36+AH36) -> #REF! | I71: 2027 | J71: =Speed!B10 -> 1.14 | K71: =Temperature!B9 -> 0.97666667 | L71: =Temperature!C9 -> 0.98366667 | M71: =AVERAGE(J71:K71) -> 1.0583333 | N71: =AVERAGE(J71,L71) -> 1.0618333 | P71: 2027 | Q71: =B71/$M71 -> 1297.1726 | R71: =C71/$M71 -> #REF! | S71: =D71/$M71 -> #REF! | T71: =E71/$N71 -> 679.49802 | U71: =F71/$N71 -> #REF! | V71: =G71/$N71 -> #REF! | W71: =Q71*$K$7+T71*$L$7 -> 895.68414 | X71: =R71*$K$7+U71*$L$7 -> #REF! | Y71: =S71*$K$7+V71*$L$7 -> #REF!
A72: 2028 | B72: =(Q37+W37+AC37) -> 1344.5861 | C72: =(R37+X37+AD37) -> #REF! | D72: =(S37+Y37+AE37) -> #REF! | E72: =(T37+Z37+AF37) -> 707.48576 | F72: =(U37+AA37+AG37) -> #REF! | G72: =(V37+AB37+AH37) -> #REF! | I72: 2028 | J72: =Speed!B11 -> 1.16 | K72: =Temperature!B10 -> 0.97333333 | L72: =Temperature!C10 -> 0.98133333 | M72: =AVERAGE(J72:K72) -> 1.0666667 | N72: =AVERAGE(J72,L72) -> 1.0706667 | P72: 2028 | Q72: =B72/$M72 -> 1260.5495 | R72: =C72/$M72 -> #REF! | S72: =D72/$M72 -> #REF! | T72: =E72/$N72 -> 660.78994 | U72: =F72/$N72 -> #REF! | V72: =G72/$N72 -> #REF! | W72: =Q72*$K$7+T72*$L$7 -> 870.70579 | X72: =R72*$K$7+U72*$L$7 -> #REF! | Y72: =S72*$K$7+V72*$L$7 -> #REF!
A73: 2029 | B73: =(Q38+W38+AC38) -> 1317.0962 | C73: =(R38+X38+AD38) -> #REF! | D73: =(S38+Y38+AE38) -> #REF! | E73: =(T38+Z38+AF38) -> 693.84684 | F73: =(U38+AA38+AG38) -> #REF! | G73: =(V38+AB38+AH38) -> #REF! | I73: 2029 | J73: =Speed!B12 -> 1.18 | K73: =Temperature!B11 -> 0.97 | L73: =Temperature!C11 -> 0.979 | M73: =AVERAGE(J73:K73) -> 1.075 | N73: =AVERAGE(J73,L73) -> 1.0795 | P73: 2029 | Q73: =B73/$M73 -> 1225.2058 | R73: =C73/$M73 -> #REF! | S73: =D73/$M73 -> #REF! | T73: =E73/$N73 -> 642.74835 | U73: =F73/$N73 -> #REF! | V73: =G73/$N73 -> #REF! | W73: =Q73*$K$7+T73*$L$7 -> 846.60846 | X73: =R73*$K$7+U73*$L$7 -> #REF! | Y73: =S73*$K$7+V73*$L$7 -> #REF! | AB73: 贡献分解部分 | AC73: 2020 | AG73: 2030 | AK73: 2040 | AO73: 2050
A74: 2030 | B74: =(Q39+W39+AC39) -> 1290.3499 | C74: =(R39+X39+AD39) -> #REF! | D74: =(S39+Y39+AE39) -> #REF! | E74: =(T39+Z39+AF39) -> 680.58586 | F74: =(U39+AA39+AG39) -> #REF! | G74: =(V39+AB39+AH39) -> #REF! | I74: 2030 | J74: =Speed!B13 -> 1.2 | K74: =Temperature!B12 -> 0.96666667 | L74: =Temperature!C12 -> 0.97666667 | M74: =AVERAGE(J74:K74) -> 1.0833333 | N74: =AVERAGE(J74,L74) -> 1.0883333 | P74: 2030 | Q74: =B74/$M74 -> 1191.0923 | R74: =C74/$M74 -> #REF! | S74: =D74/$M74 -> #REF! | T74: =E74/$N74 -> 625.34688 | U74: =F74/$N74 -> #REF! | V74: =G74/$N74 -> #REF! | W74: =Q74*$K$7+T74*$L$7 -> 823.35776 | X74: =R74*$K$7+U74*$L$7 -> #REF! | Y74: =S74*$K$7+V74*$L$7 -> #REF! | AB74: 只使用碳足迹mean | AC74: 皱纹盘鲍 | AD74: 绿盘鲍 | AE74: Both | AG74: 皱纹盘鲍 | AH74: 绿盘鲍 | AI74: Both | AK74: 皱纹盘鲍 | AL74: 绿盘鲍 | AM74: Both | AO74: 皱纹盘鲍 | AP74: 绿盘鲍 | AQ74: Both
A75: 2031 | B75: =(Q40+W40+AC40) -> 1264.3267 | C75: =(R40+X40+AD40) -> #REF! | D75: =(S40+Y40+AE40) -> #REF! | E75: =(T40+Z40+AF40) -> 667.69219 | F75: =(U40+AA40+AG40) -> #REF! | G75: =(V40+AB40+AH40) -> #REF! | I75: 2031 | J75: =Speed!B14 -> 1.22 | K75: =Temperature!B13 -> 0.96333333 | L75: =Temperature!C13 -> 0.97433333 | M75: =AVERAGE(J75:K75) -> 1.0916667 | N75: =AVERAGE(J75,L75) -> 1.0971667 | P75: 2031 | Q75: =B75/$M75 -> 1158.1618 | R75: =C75/$M75 -> #REF! | S75: =D75/$M75 -> #REF! | T75: =E75/$N75 -> 608.5604 | U75: =F75/$N75 -> #REF! | V75: =G75/$N75 -> #REF! | W75: =Q75*$K$7+T75*$L$7 -> 800.9209 | X75: =R75*$K$7+U75*$L$7 -> #REF! | Y75: =S75*$K$7+V75*$L$7 -> #REF! | AB75: 饲料 | AC75: =B15 -> 289.32456 | AD75: =E15 -> 210.15748 | AE75: =AC75*$K$3+AD75*$L$3 -> 285.3662 | AI75: =AI81*AK13 -> 233.68812 | AM75: =AM81*AK15 -> 231.94232 | AO75: =J15 -> 277.90378 | AP75: =M15 -> 204.5152 | AQ75: =AO75*$K$7+AP75*$L$7 -> 230.2012 | AS75: 饲料
A76: 2032 | B76: =(Q41+W41+AC41) -> 1239.0065 | C76: =(R41+X41+AD41) -> #REF! | D76: =(S41+Y41+AE41) -> #REF! | E76: =(T41+Z41+AF41) -> 655.15557 | F76: =(U41+AA41+AG41) -> #REF! | G76: =(V41+AB41+AH41) -> #REF! | I76: 2032 | J76: =Speed!B15 -> 1.24 | K76: =Temperature!B14 -> 0.96 | L76: =Temperature!C14 -> 0.972 | M76: =AVERAGE(J76:K76) -> 1.1 | N76: =AVERAGE(J76,L76) -> 1.106 | P76: 2032 | Q76: =B76/$M76 -> 1126.3696 | R76: =C76/$M76 -> #REF! | S76: =D76/$M76 -> #REF! | T76: =E76/$N76 -> 592.36489 | U76: =F76/$N76 -> #REF! | V76: =G76/$N76 -> #REF! | W76: =Q76*$K$7+T76*$L$7 -> 779.26653 | X76: =R76*$K$7+U76*$L$7 -> #REF! | Y76: =S76*$K$7+V76*$L$7 -> #REF! | AB76: 设备 | AC76: =B16 -> 7.4529835 | AD76: =E16 -> 3.5614086 | AE76: =AC76*$K$3+AD76*$L$3 -> 7.2584047 | AI76: =AI81*AL13 -> 4.9178329 | AM76: =AM81*AL15 -> 4.4160248 | AO76: =J16 -> 5.5445681 | AP76: =M16 -> 3.0447303 | AQ76: =AO76*$K$7+AP76*$L$7 -> 3.9196735 | AS76: 设备
A77: 2033 | B77: =(Q42+W42+AC42) -> 1214.3702 | C77: =(R42+X42+AD42) -> #REF! | D77: =(S42+Y42+AE42) -> #REF! | E77: =(T42+Z42+AF42) -> 642.96611 | F77: =(U42+AA42+AG42) -> #REF! | G77: =(V42+AB42+AH42) -> #REF! | I77: 2033 | J77: =Speed!B16 -> 1.26 | K77: =Temperature!B15 -> 0.95666667 | L77: =Temperature!C15 -> 0.96966667 | M77: =AVERAGE(J77:K77) -> 1.1083333 | N77: =AVERAGE(J77,L77) -> 1.1148333 | P77: 2033 | Q77: =B77/$M77 -> 1095.6724 | R77: =C77/$M77 -> #REF! | S77: =D77/$M77 -> #REF! | T77: =E77/$N77 -> 576.73743 | U77: =F77/$N77 -> #REF! | V77: =G77/$N77 -> #REF! | W77: =Q77*$K$7+T77*$L$7 -> 758.36467 | X77: =R77*$K$7+U77*$L$7 -> #REF! | Y77: =S77*$K$7+V77*$L$7 -> #REF! | AB77: 能源(柴油） | AC77: =B17 -> 7.3350406 | AD77: =E17 -> 1.9770848 | AE77: =AC77*$K$3+AD77*$L$3 -> 7.0671428 | AI77: =AI81*AM13 -> 4.4146877 | AM77: =AM81*AM15 -> 4.0221398 | AO77: =J17 -> 7.5373945 | AP77: =M17 -> 1.5319003 | AQ77: =AO77*$K$7+AP77*$L$7 -> 3.6338233 | AS77: 能源(柴油）
A78: 2034 | B78: =(Q43+W43+AC43) -> 1190.3993 | C78: =(R43+X43+AD43) -> #REF! | D78: =(S43+Y43+AE43) -> #REF! | E78: =(T43+Z43+AF43) -> 631.11425 | F78: =(U43+AA43+AG43) -> #REF! | G78: =(V43+AB43+AH43) -> #REF! | I78: 2034 | J78: =Speed!B17 -> 1.28 | K78: =Temperature!B16 -> 0.95333333 | L78: =Temperature!C16 -> 0.96733333 | M78: =AVERAGE(J78:K78) -> 1.1166667 | N78: =AVERAGE(J78,L78) -> 1.1236667 | P78: 2034 | Q78: =B78/$M78 -> 1066.0292 | R78: =C78/$M78 -> #REF! | S78: =D78/$M78 -> #REF! | T78: =E78/$N78 -> 561.65611 | U78: =F78/$N78 -> #REF! | V78: =G78/$N78 -> #REF! | W78: =Q78*$K$7+T78*$L$7 -> 738.18669 | X78: =R78*$K$7+U78*$L$7 -> #REF! | Y78: =S78*$K$7+V78*$L$7 -> #REF! | AB78: 基建 | AC78: =W29 -> 577.22835 | AD78: =Z29 -> 238.07336 | AE78: =AC78*$K$3+AD78*$L$3 -> 560.2706 | AG78: =W39 -> 502.62709 | AH78: =Z39 -> 197.08819 | AI78: =AG78*$K$7+$L$7*AH78 -> 304.02681 | AK78: =W49 -> 446.67615 | AL78: =Z49 -> 166.34932 | AM78: =AK78*$K$7+$L$7*AL78 -> 264.46371 | AO78: =W59 -> 403.15875 | AP78: =Z59 -> 142.4413 | AQ78: =AO78*$K$7+AP78*$L$7 -> 233.69241 | AS78: 基建
A79: 2035 | B79: =(Q44+W44+AC44) -> 1167.0756 | C79: =(R44+X44+AD44) -> #REF! | D79: =(S44+Y44+AE44) -> #REF! | E79: =(T44+Z44+AF44) -> 619.59075 | F79: =(U44+AA44+AG44) -> #REF! | G79: =(V44+AB44+AH44) -> #REF! | I79: 2035 | J79: =Speed!B18 -> 1.3 | K79: =Temperature!B17 -> 0.95 | L79: =Temperature!C17 -> 0.965 | M79: =AVERAGE(J79:K79) -> 1.125 | N79: =AVERAGE(J79,L79) -> 1.1325 | P79: 2035 | Q79: =B79/$M79 -> 1037.4005 | R79: =C79/$M79 -> #REF! | S79: =D79/$M79 -> #REF! | T79: =E79/$N79 -> 547.1 | U79: =F79/$N79 -> #REF! | V79: =G79/$N79 -> #REF! | W79: =Q79*$K$7+T79*$L$7 -> 718.70518 | X79: =R79*$K$7+U79*$L$7 -> #REF! | Y79: =S79*$K$7+V79*$L$7 -> #REF! | AB79: 运输 | AC79: =B19 -> 141.29851 | AD79: =E19 -> 95.56991 | AE79: =AC79*$K$3+AD79*$L$3 -> 139.01208 | AI79: =AI81*AN13 -> 113.15602 | AM79: =AM81*AN15 -> 113.75615 | AO79: =J19 -> 136.24845 | AP79: =M19 -> 102.54605 | AQ79: =AO79*$K$7+AP79*$L$7 -> 114.34189 | AS79: 运输
A80: 2036 | B80: =(Q45+W45+AC45) -> 1144.3818 | C80: =(R45+X45+AD45) -> #REF! | D80: =(S45+Y45+AE45) -> #REF! | E80: =(T45+Z45+AF45) -> 608.38666 | F80: =(U45+AA45+AG45) -> #REF! | G80: =(V45+AB45+AH45) -> #REF! | I80: 2036 | J80: =Speed!B19 -> 1.32 | K80: =Temperature!B18 -> 0.94666667 | L80: =Temperature!C18 -> 0.96266667 | M80: =AVERAGE(J80:K80) -> 1.1333333 | N80: =AVERAGE(J80,L80) -> 1.1413333 | P80: 2036 | Q80: =B80/$M80 -> 1009.7486 | R80: =C80/$M80 -> #REF! | S80: =D80/$M80 -> #REF! | T80: =E80/$N80 -> 533.04906 | U80: =F80/$N80 -> #REF! | V80: =G80/$N80 -> #REF! | W80: =Q80*$K$7+T80*$L$7 -> 699.89391 | X80: =R80*$K$7+U80*$L$7 -> #REF! | Y80: =S80*$K$7+V80*$L$7 -> #REF! | AB80: 能源(电力） | AC80: =Q29 -> 514.74769 | AD80: =T29 -> 254.30403 | AE80: =AC80*$K$3+AD80*$L$3 -> 501.72551 | AG80: =Q39 -> 348.37073 | AH80: =T39 -> 172.10778 | AI80: =AG80*$K$7+$L$7*AH80 -> 233.79981 | AK80: =Q49 -> 179.60712 | AL80: =T49 -> 88.73243 | AM80: =AK80*$K$7+$L$7*AL80 -> 120.53857 | AO80: =Q59 -> 53.846816 | AP80: =T59 -> 26.60228 | AQ80: =AO80*$K$7+AP80*$L$7 -> 36.137868 | AS80: 能源(电力）
A81: 2037 | B81: =(Q46+W46+AC46) -> 1122.3011 | C81: =(R46+X46+AD46) -> #REF! | D81: =(S46+Y46+AE46) -> #REF! | E81: =(T46+Z46+AF46) -> 597.49334 | F81: =(U46+AA46+AG46) -> #REF! | G81: =(V46+AB46+AH46) -> #REF! | I81: 2037 | J81: =Speed!B20 -> 1.34 | K81: =Temperature!B19 -> 0.94333333 | L81: =Temperature!C19 -> 0.96033333 | M81: =AVERAGE(J81:K81) -> 1.1416667 | N81: =AVERAGE(J81,L81) -> 1.1501667 | P81: 2037 | Q81: =B81/$M81 -> 983.03744 | R81: =C81/$M81 -> #REF! | S81: =D81/$M81 -> #REF! | T81: =E81/$N81 -> 519.48414 | U81: =F81/$N81 -> #REF! | V81: =G81/$N81 -> #REF! | W81: =Q81*$K$7+T81*$L$7 -> 681.72779 | X81: =R81*$K$7+U81*$L$7 -> #REF! | Y81: =S81*$K$7+V81*$L$7 -> #REF! | AB81: 其他投入（除电力、基建） | AG81: =AC39 -> 439.35212 | AH81: =AF39 -> 311.38989 | AI81: =AG81*$K$7+$L$7*AH81 -> 356.17667 | AK81: =AC49 -> 433.29315 | AL81: =AF49 -> 311.51388 | AM81: =AK81*$K$7+$L$7*AL81 -> 354.13663 | AS81: 其他投入（除电力、基建）
A82: 2038 | B82: =(Q47+W47+AC47) -> 1100.8171 | C82: =(R47+X47+AD47) -> #REF! | D82: =(S47+Y47+AE47) -> #REF! | E82: =(T47+Z47+AF47) -> 586.90242 | F82: =(U47+AA47+AG47) -> #REF! | G82: =(V47+AB47+AH47) -> #REF! | I82: 2038 | J82: =Speed!B21 -> 1.36 | K82: =Temperature!B20 -> 0.94 | L82: =Temperature!C20 -> 0.958 | M82: =AVERAGE(J82:K82) -> 1.15 | N82: =AVERAGE(J82,L82) -> 1.159 | P82: 2038 | Q82: =B82/$M82 -> 957.23223 | R82: =C82/$M82 -> #REF! | S82: =D82/$M82 -> #REF! | T82: =E82/$N82 -> 506.38691 | U82: =F82/$N82 -> #REF! | V82: =G82/$N82 -> #REF! | W82: =Q82*$K$7+T82*$L$7 -> 664.18277 | X82: =R82*$K$7+U82*$L$7 -> #REF! | Y82: =S82*$K$7+V82*$L$7 -> #REF! | AE82: =SUM(AE75:AE80) -> 1500.6999 | AI82: =SUM(AI75:AI80) -> 894.00329 | AM82: =SUM(AM75:AM80) -> 739.13891 | AQ82: =SUM(AQ75:AQ80) -> 621.92687
A83: 2039 | B83: =(Q48+W48+AC48) -> 1079.914 | C83: =(R48+X48+AD48) -> #REF! | D83: =(S48+Y48+AE48) -> #REF! | E83: =(T48+Z48+AF48) -> 576.60581 | F83: =(U48+AA48+AG48) -> #REF! | G83: =(V48+AB48+AH48) -> #REF! | I83: 2039 | J83: =Speed!B22 -> 1.38 | K83: =Temperature!B21 -> 0.93666667 | L83: =Temperature!C21 -> 0.95566667 | M83: =AVERAGE(J83:K83) -> 1.1583333 | N83: =AVERAGE(J83,L83) -> 1.1678333 | P83: 2039 | Q83: =B83/$M83 -> 932.29982 | R83: =C83/$M83 -> #REF! | S83: =D83/$M83 -> #REF! | T83: =E83/$N83 -> 493.73981 | U83: =F83/$N83 -> #REF! | V83: =G83/$N83 -> #REF! | W83: =Q83*$K$7+T83*$L$7 -> 647.23581 | X83: =R83*$K$7+U83*$L$7 -> #REF! | Y83: =S83*$K$7+V83*$L$7 -> #REF!
A84: 2040 | B84: =(Q49+W49+AC49) -> 1059.5764 | C84: =(R49+X49+AD49) -> #REF! | D84: =(S49+Y49+AE49) -> #REF! | E84: =(T49+Z49+AF49) -> 566.59563 | F84: =(U49+AA49+AG49) -> #REF! | G84: =(V49+AB49+AH49) -> #REF! | I84: 2040 | J84: =Speed!B23 -> 1.4 | K84: =Temperature!B22 -> 0.93333333 | L84: =Temperature!C22 -> 0.95333333 | M84: =AVERAGE(J84:K84) -> 1.1666667 | N84: =AVERAGE(J84,L84) -> 1.1766667 | P84: 2040 | Q84: =B84/$M84 -> 908.20836 | R84: =C84/$M84 -> #REF! | S84: =D84/$M84 -> #REF! | T84: =E84/$N84 -> 481.52603 | U84: =F84/$N84 -> #REF! | V84: =G84/$N84 -> #REF! | W84: =Q84*$K$7+T84*$L$7 -> 630.86485 | X84: =R84*$K$7+U84*$L$7 -> #REF! | Y84: =S84*$K$7+V84*$L$7 -> #REF!
A85: 2041 | B85: =(Q50+W50+AC50) -> 1039.7896 | C85: =(R50+X50+AD50) -> #REF! | D85: =(S50+Y50+AE50) -> #REF! | E85: =(T50+Z50+AF50) -> 556.86429 | F85: =(U50+AA50+AG50) -> #REF! | G85: =(V50+AB50+AH50) -> #REF! | I85: 2041 | J85: =Speed!B24 -> 1.42 | K85: =Temperature!B23 -> 0.93 | L85: =Temperature!C23 -> 0.951 | M85: =AVERAGE(J85:K85) -> 1.175 | N85: =AVERAGE(J85,L85) -> 1.1855 | P85: 2041 | Q85: =B85/$M85 -> 884.92729 | R85: =C85/$M85 -> #REF! | S85: =D85/$M85 -> #REF! | T85: =E85/$N85 -> 469.72948 | U85: =F85/$N85 -> #REF! | V85: =G85/$N85 -> #REF! | W85: =Q85*$K$7+T85*$L$7 -> 615.04871 | X85: =R85*$K$7+U85*$L$7 -> #REF! | Y85: =S85*$K$7+V85*$L$7 -> #REF!
A86: 2042 | B86: =(Q51+W51+AC51) -> 1020.539 | C86: =(R51+X51+AD51) -> #REF! | D86: =(S51+Y51+AE51) -> #REF! | E86: =(T51+Z51+AF51) -> 547.40441 | F86: =(U51+AA51+AG51) -> #REF! | G86: =(V51+AB51+AH51) -> #REF! | I86: 2042 | J86: =Speed!B25 -> 1.44 | K86: =Temperature!B24 -> 0.92666667 | L86: =Temperature!C24 -> 0.94866667 | M86: =AVERAGE(J86:K86) -> 1.1833333 | N86: =AVERAGE(J86,L86) -> 1.1943333 | P86: 2042 | Q86: =B86/$M86 -> 862.42729 | R86: =C86/$M86 -> #REF! | S86: =D86/$M86 -> #REF! | T86: =E86/$N86 -> 458.3347 | U86: =F86/$N86 -> #REF! | V86: =G86/$N86 -> #REF! | W86: =Q86*$K$7+T86*$L$7 -> 599.76711 | X86: =R86*$K$7+U86*$L$7 -> #REF! | Y86: =S86*$K$7+V86*$L$7 -> #REF! | AC86: 2025 | AG86: 2035 | AK86: 2045
A87: 2043 | B87: =(Q52+W52+AC52) -> 1001.8106 | C87: =(R52+X52+AD52) -> #REF! | D87: =(S52+Y52+AE52) -> #REF! | E87: =(T52+Z52+AF52) -> 538.20883 | F87: =(U52+AA52+AG52) -> #REF! | G87: =(V52+AB52+AH52) -> #REF! | I87: 2043 | J87: =Speed!B26 -> 1.46 | K87: =Temperature!B25 -> 0.92333333 | L87: =Temperature!C25 -> 0.94633333 | M87: =AVERAGE(J87:K87) -> 1.1916667 | N87: =AVERAGE(J87,L87) -> 1.2031667 | P87: 2043 | Q87: =B87/$M87 -> 840.68022 | R87: =C87/$M87 -> #REF! | S87: =D87/$M87 -> #REF! | T87: =E87/$N87 -> 447.32691 | U87: =F87/$N87 -> #REF! | V87: =G87/$N87 -> #REF! | W87: =Q87*$K$7+T87*$L$7 -> 585.00057 | X87: =R87*$K$7+U87*$L$7 -> #REF! | Y87: =S87*$K$7+V87*$L$7 -> #REF! | AB87: 只使用碳足迹mean | AC87: 皱纹盘鲍 | AD87: 绿盘鲍 | AE87: Both | AG87: 皱纹盘鲍 | AH87: 绿盘鲍 | AI87: Both | AK87: 皱纹盘鲍 | AL87: 绿盘鲍 | AM87: Both
A88: 2044 | B88: =(Q53+W53+AC53) -> 983.59087 | C88: =(R53+X53+AD53) -> #REF! | D88: =(S53+Y53+AE53) -> #REF! | E88: =(T53+Z53+AF53) -> 529.27059 | F88: =(U53+AA53+AG53) -> #REF! | G88: =(V53+AB53+AH53) -> #REF! | I88: 2044 | J88: =Speed!B27 -> 1.48 | K88: =Temperature!B26 -> 0.92 | L88: =Temperature!C26 -> 0.944 | M88: =AVERAGE(J88:K88) -> 1.2 | N88: =AVERAGE(J88,L88) -> 1.212 | P88: 2044 | Q88: =B88/$M88 -> 819.65906 | R88: =C88/$M88 -> #REF! | S88: =D88/$M88 -> #REF! | T88: =E88/$N88 -> 436.69191 | U88: =F88/$N88 -> #REF! | V88: =G88/$N88 -> #REF! | W88: =Q88*$K$7+T88*$L$7 -> 570.73041 | X88: =R88*$K$7+U88*$L$7 -> #REF! | Y88: =S88*$K$7+V88*$L$7 -> #REF! | AB88: 饲料 | AE88: =AE94*AK12 -> 234.56279 | AI88: =$AI$94*AK14 -> 232.81463 | AM88: =AM94*AK16 -> 231.07117 | AO88: 饲料
A89: 2045 | B89: =(Q54+W54+AC54) -> 965.86658 | C89: =(R54+X54+AD54) -> #REF! | D89: =(S54+Y54+AE54) -> #REF! | E89: =(T54+Z54+AF54) -> 520.58298 | F89: =(U54+AA54+AG54) -> #REF! | G89: =(V54+AB54+AH54) -> #REF! | I89: 2045 | J89: =Speed!B28 -> 1.5 | K89: =Temperature!B27 -> 0.91666667 | L89: =Temperature!C27 -> 0.94166667 | M89: =AVERAGE(J89:K89) -> 1.2083333 | N89: =AVERAGE(J89,L89) -> 1.2208333 | P89: 2045 | Q89: =B89/$M89 -> 799.33786 | R89: =C89/$M89 -> #REF! | S89: =D89/$M89 -> #REF! | T89: =E89/$N89 -> 426.41609 | U89: =F89/$N89 -> #REF! | V89: =G89/$N89 -> #REF! | W89: =Q89*$K$7+T89*$L$7 -> 556.93871 | X89: =R89*$K$7+U89*$L$7 -> #REF! | Y89: =S89*$K$7+V89*$L$7 -> #REF! | AB89: 设备 | AE89: =AE94*AL12 -> 5.1707834 | AI89: =AI94*AL14 -> 4.6662467 | AM89: =AM94*AL16 -> 4.1671671 | AO89: 设备
A90: 2046 | B90: =(Q55+W55+AC55) -> 948.62488 | C90: =(R55+X55+AD55) -> #REF! | D90: =(S55+Y55+AE55) -> #REF! | E90: =(T55+Z55+AF55) -> 512.13943 | F90: =(U55+AA55+AG55) -> #REF! | G90: =(V55+AB55+AH55) -> #REF! | I90: 2046 | J90: =Speed!B29 -> 1.52 | K90: =Temperature!B28 -> 0.91333333 | L90: =Temperature!C28 -> 0.93933333 | M90: =AVERAGE(J90:K90) -> 1.2166667 | N90: =AVERAGE(J90,L90) -> 1.2296667 | P90: 2046 | Q90: =B90/$M90 -> 779.69168 | R90: =C90/$M90 -> #REF! | S90: =D90/$M90 -> #REF! | T90: =E90/$N90 -> 416.48639 | U90: =F90/$N90 -> #REF! | V90: =G90/$N90 -> #REF! | W90: =Q90*$K$7+T90*$L$7 -> 543.60824 | X90: =R90*$K$7+U90*$L$7 -> #REF! | Y90: =S90*$K$7+V90*$L$7 -> #REF! | AB90: 能源(柴油） | AE90: =AE94*AM12 -> 4.6125483 | AI90: =AI94*AM14 -> 4.2178848 | AM90: =AM94*AM16 -> 3.8274526 | AO90: 能源(柴油）
A91: 2047 | B91: =(Q56+W56+AC56) -> 931.8533 | C91: =(R56+X56+AD56) -> #REF! | D91: =(S56+Y56+AE56) -> #REF! | E91: =(T56+Z56+AF56) -> 503.93359 | F91: =(U56+AA56+AG56) -> #REF! | G91: =(V56+AB56+AH56) -> #REF! | I91: 2047 | J91: =Speed!B30 -> 1.54 | K91: =Temperature!B29 -> 0.91 | L91: =Temperature!C29 -> 0.937 | M91: =AVERAGE(J91:K91) -> 1.225 | N91: =AVERAGE(J91,L91) -> 1.2385 | P91: 2047 | Q91: =B91/$M91 -> 760.69657 | R91: =C91/$M91 -> #REF! | S91: =D91/$M91 -> #REF! | T91: =E91/$N91 -> 406.89026 | U91: =F91/$N91 -> #REF! | V91: =G91/$N91 -> #REF! | W91: =Q91*$K$7+T91*$L$7 -> 530.72247 | X91: =R91*$K$7+U91*$L$7 -> #REF! | Y91: =S91*$K$7+V91*$L$7 -> #REF! | AB91: 基建 | AC91: =W34 -> 537.05844 | AD91: =Z34 -> 216.00443 | AE91: =AC91*K7+L7*AD91 -> 328.37333 | AG91: =Z44 -> 180.69413 | AH91: =Z44 -> 180.69413 | AI91: =AG91*K7+L7*AH91 -> 180.69413 | AK91: =W54 -> 423.63753 | AL91: =Z54 -> 153.69213 | AM91: =AK91*K7+L7*AL91 -> 248.17302 | AO91: 基建
A92: 2048 | B92: =(Q57+W57+AC57) -> 915.53973 | C92: =(R57+X57+AD57) -> #REF! | D92: =(S57+Y57+AE57) -> #REF! | E92: =(T57+Z57+AF57) -> 495.95929 | F92: =(U57+AA57+AG57) -> #REF! | G92: =(V57+AB57+AH57) -> #REF! | I92: 2048 | J92: =Speed!B31 -> 1.56 | K92: =Temperature!B30 -> 0.90666667 | L92: =Temperature!C30 -> 0.93466667 | M92: =AVERAGE(J92:K92) -> 1.2333333 | N92: =AVERAGE(J92,L92) -> 1.2473333 | P92: 2048 | Q92: =B92/$M92 -> 742.32951 | R92: =C92/$M92 -> #REF! | S92: =D92/$M92 -> #REF! | T92: =E92/$N92 -> 397.61568 | U92: =F92/$N92 -> #REF! | V92: =G92/$N92 -> #REF! | W92: =Q92*$K$7+T92*$L$7 -> 518.26552 | X92: =R92*$K$7+U92*$L$7 -> #REF! | Y92: =S92*$K$7+V92*$L$7 -> #REF! | AB92: 运输 | AE92: =AE94*AN12 -> 112.85057 | AI92: =AI94*AN14 -> 113.45788 | AM92: =AM94*AN16 -> 114.05082 | AO92: 运输
A93: 2049 | B93: =(Q58+W58+AC58) -> 899.67237 | C93: =(R58+X58+AD58) -> #REF! | D93: =(S58+Y58+AE58) -> #REF! | E93: =(T58+Z58+AF58) -> 488.21053 | F93: =(U58+AA58+AG58) -> #REF! | G93: =(V58+AB58+AH58) -> #REF! | I93: 2049 | J93: =Speed!B32 -> 1.58 | K93: =Temperature!B31 -> 0.90333333 | L93: =Temperature!C31 -> 0.93233333 | M93: =AVERAGE(J93:K93) -> 1.2416667 | N93: =AVERAGE(J93,L93) -> 1.2561667 | P93: 2049 | Q93: =B93/$M93 -> 724.56835 | R93: =C93/$M93 -> #REF! | S93: =D93/$M93 -> #REF! | T93: =E93/$N93 -> 388.65108 | U93: =F93/$N93 -> #REF! | V93: =G93/$N93 -> #REF! | W93: =Q93*$K$7+T93*$L$7 -> 506.22212 | X93: =R93*$K$7+U93*$L$7 -> #REF! | Y93: =S93*$K$7+V93*$L$7 -> #REF! | AB93: 能源(电力） | AC93: =Q34 -> 452.29516 | AD93: =T34 -> 223.45021 | AE93: =AC93*K7+L7*AD93 -> 303.54594 | AG93: =Q44 -> 257.96635 | AH93: =T44 -> 127.44473 | AI93: =AG93*K7+L7*AH93 -> 173.1273 | AK93: =Q54 -> 111.96538 | AL93: =T54 -> 55.314959 | AM93: =AK93*K7+L7*AL93 -> 75.142606 | AO93: 能源(电力）
A94: 2050 | B94: =(Q59+W59+AC59) -> 884.23976 | C94: =(R59+X59+AD59) -> #REF! | D94: =(S59+Y59+AE59) -> #REF! | E94: =(T59+Z59+AF59) -> 480.68147 | F94: =(U59+AA59+AG59) -> #REF! | G94: =(V59+AB59+AH59) -> #REF! | I94: 2050 | J94: =Speed!B33 -> 1.6 | K94: =Temperature!B32 -> 0.9 | L94: =Temperature!C32 -> 0.93 | M94: =AVERAGE(J94:K94) -> 1.25 | N94: =AVERAGE(J94,L94) -> 1.265 | P94: 2050 | Q94: =B94/$M94 -> 707.39181 | R94: =C94/$M94 -> #REF! | S94: =D94/$M94 -> #REF! | T94: =E94/$N94 -> 379.98535 | U94: =F94/$N94 -> #REF! | V94: =G94/$N94 -> #REF! | W94: =Q94*$K$7+T94*$L$7 -> 494.57761 | X94: =R94*$K$7+U94*$L$7 -> #REF! | Y94: =S94*$K$7+V94*$L$7 -> #REF! | AB94: 其他投入（除电力、基建） | AC94: =AC34 -> 442.3816 | AD94: =AF34 -> 311.32789 | AE94: =AC94*K7+L7*AD94 -> 357.19669 | AG94: =AC44 -> 436.32264 | AH94: =AF44 -> 311.45188 | AI94: =AG94*K7+L7*AH94 -> 355.15665 | AK94: =AC54 -> 430.26367 | AL94: =AF54 -> 311.57588 | AM94: =AC54*K7+L7*AL94 -> 353.11661 | AO94: 其他投入（除电力、基建）
AE95: =SUM(AE88:AE93) -> 989.11596 | AI95: =SUM(AI88:AI93) -> 708.97808 | AM95: =SUM(AM88:AM93) -> 676.43224
P97: 最终碳足迹 | Q97: 皱纹盘鲍 | T97: 绿盘鲍 | W97: Both（不带温度）
Q98: mean | R98: max | S98: min | T98: mean | U98: max | V98: min | W98: mean | X98: max | Y98: min
P99: 2020 | Q99: =B64/$J64 -> 1537.3871 | R99: =C64/$J64 -> 2200.2348 | S99: =D64/$J64 -> 1207.781 | T99: =E64/$J64 -> 803.64328 | U99: =F64/$J64 -> 936.14604 | V99: =G64/$J64 -> 711.21127 | W99: =Q99*$K3+T99*$L3 -> 1500.6999 | X99: =R99*$K3+U99*$L3 -> 2137.0304 | Y99: =S99*$K3+V99*$L3 -> 1182.9525
P100: 2021 | Q100: =B65/$J65 -> 1497.6361 | R100: =C65/$J65 -> #REF! | S100: =D65/$J65 -> #REF! | T100: =E65/$J65 -> 782.9808 | U100: =F65/$J65 -> #REF! | V100: =G65/$J65 -> #REF! | W100: =Q100*$K4+T100*$L4 -> 1461.9033 | X100: =R100*$K4+U100*$L4 -> #REF! | Y100: =S100*$K4+V100*$L4 -> #REF!
P101: 2022 | Q101: =B66/$J66 -> 1459.6794 | R101: =C66/$J66 -> #REF! | S101: =D66/$J66 -> #REF! | T101: =E66/$J66 -> 763.2589 | U101: =F66/$J66 -> #REF! | V101: =G66/$J66 -> #REF! | W101: =Q101*$K5+T101*$L5 -> 1407.4479 | X101: =R101*$K5+U101*$L5 -> #REF! | Y101: =S101*$K5+V101*$L5 -> #REF! | AB101: 贡献分解结果（未换算整体比例） | AC101: 2020 | AD101: 2025 | AE101: 2030 | AF101: 2035 | AG101: 2040 | AH101: 2045 | AI101: 2050
P102: 2023 | Q102: =B67/$J67 -> 1409.402 | R102: =C67/$J67 -> #REF! | S102: =D67/$J67 -> #REF! | T102: =E67/$J67 -> 737.50044 | U102: =F67/$J67 -> #REF! | V102: =G67/$J67 -> #REF! | W102: =Q102*$K6+T102*$L6 -> 1207.8316 | X102: =R102*$K6+U102*$L6 -> #REF! | Y102: =S102*$K6+V102*$L6 -> #REF! | AB102: Energy | AC102: =AE77+AE80 -> 508.79265 | AD102: =AE90+AE93 -> 308.15849 | AE102: =AI77+AI80 -> 238.2145 | AF102: =AI90+AI93 -> 177.34518 | AG102: =AM77+AM80 -> 124.56071 | AH102: =AM90+AM93 -> 78.970059 | AI102: =AQ77+AQ80 -> 39.771691
P103: 2024 | Q103: =B68/$J68 -> 1354.0938 | R103: =C68/$J68 -> #REF! | S103: =D68/$J68 -> #REF! | T103: =E68/$J68 -> 709.30347 | U103: =F68/$J68 -> #REF! | V103: =G68/$J68 -> #REF! | W103: =Q103*$K$7+T103*$L$7 -> 934.98009 | X103: =R103*$K$7+U103*$L$7 -> #REF! | Y103: =S103*$K$7+V103*$L$7 -> #REF! | AB103: Infra.&Equip | AC103: =AE78+AE76 -> 567.529 | AD103: =AE89+AE91 -> 333.54411 | AE103: =AI78+AI76 -> 308.94464 | AF103: =AI89+AI91 -> 185.36037 | AG103: =AM76+AM78 -> 268.87973 | AH103: =AM89+AM91 -> 252.34019 | AI103: =AQ76+AQ78 -> 237.61208
P104: 2025 | Q104: =B69/$J69 -> 1301.5775 | R104: =C69/$J69 -> #REF! | S104: =D69/$J69 -> #REF! | T104: =E69/$J69 -> 682.52957 | U104: =F69/$J69 -> #REF! | V104: =G69/$J69 -> #REF! | W104: =Q104*$K$7+T104*$L$7 -> 899.19633 | X104: =R104*$K$7+U104*$L$7 -> #REF! | Y104: =S104*$K$7+V104*$L$7 -> #REF! | AB104: Transport | AC104: =AE79 -> 139.01208 | AD104: =AE92 -> 112.85057 | AE104: =AI79 -> 113.15602 | AF104: =AI92 -> 113.45788 | AG104: =AM79 -> 113.75615 | AH104: =AM92 -> 114.05082 | AI104: =AQ79 -> 114.34189
P105: 2026 | Q105: =B70/$J70 -> 1251.6813 | R105: =C70/$J70 -> #REF! | S105: =D70/$J70 -> #REF! | T105: =E70/$J70 -> 657.09102 | U105: =F70/$J70 -> #REF! | V105: =G70/$J70 -> #REF! | W105: =Q105*$K$7+T105*$L$7 -> 865.19762 | X105: =R105*$K$7+U105*$L$7 -> #REF! | Y105: =S105*$K$7+V105*$L$7 -> #REF! | AB105: Feed | AC105: =AB100+AE75 -> 285.3662 | AD105: =AB100+AE88 -> 234.56279 | AE105: =AB100+AI75 -> 233.68812 | AF105: =AI88+AB100 -> 232.81463 | AG105: =AM75+AB100 -> 231.94232 | AH105: =AM88+AB100 -> 231.07117 | AI105: =AQ75+AB100 -> 230.2012
P106: 2027 | Q106: =B71/$J71 -> 1204.2465 | R106: =C71/$J71 -> #REF! | S106: =D71/$J71 -> #REF! | T106: =E71/$J71 -> 632.90671 | U106: =F71/$J71 -> #REF! | V106: =G71/$J71 -> #REF! | W106: =Q106*$K$7+T106*$L$7 -> 832.87565 | X106: =R106*$K$7+U106*$L$7 -> #REF! | Y106: =S106*$K$7+V106*$L$7 -> #REF!
P107: 2028 | Q107: =B72/$J72 -> 1159.126 | R107: =C72/$J72 -> #REF! | S107: =D72/$J72 -> #REF! | T107: =E72/$J72 -> 609.90152 | U107: =F72/$J72 -> #REF! | V107: =G72/$J72 -> #REF! | W107: =Q107*$K$7+T107*$L$7 -> 802.13008 | X107: =R107*$K$7+U107*$L$7 -> #REF! | Y107: =S107*$K$7+V107*$L$7 -> #REF!
P108: 2029 | Q108: =B73/$J73 -> 1116.1832 | R108: =C73/$J73 -> #REF! | S108: =D73/$J73 -> #REF! | T108: =E73/$J73 -> 588.0058 | U108: =F73/$J73 -> #REF! | V108: =G73/$J73 -> #REF! | W108: =Q108*$K$7+T108*$L$7 -> 772.86791 | X108: =R108*$K$7+U108*$L$7 -> #REF! | Y108: =S108*$K$7+V108*$L$7 -> #REF! | AB108: 贡献分解结果（比例） | AC108: 2020 | AD108: 2025 | AE108: 2030 | AF108: 2035 | AG108: 2040 | AH108: 2045 | AI108: 2050
P109: 2030 | Q109: =B74/$J74 -> 1075.2916 | R109: =C74/$J74 -> #REF! | S109: =D74/$J74 -> #REF! | T109: =E74/$J74 -> 567.15488 | U109: =F74/$J74 -> #REF! | V109: =G74/$J74 -> #REF! | W109: =Q109*$K$7+T109*$L$7 -> 745.00274 | X109: =R109*$K$7+U109*$L$7 -> #REF! | Y109: =S109*$K$7+V109*$L$7 -> #REF! | AB109: Energy | AC109: =AC102/$AE$82 -> 0.3390369 | AD109: =AD102/$AE$95 -> 0.31154941 | AE109: =AE102/$AI$82 -> 0.26645819 | AF109: =AF102/$AI$95 -> 0.25014199 | AG109: =AG102/$AM$82 -> 0.16852138 | AH109: =AH102/$AM$95 -> 0.11674497 | AI109: =AI102/$AQ$82 -> 0.063949144
P110: 2031 | Q110: =B75/$J75 -> 1036.3333 | R110: =C75/$J75 -> #REF! | S110: =D75/$J75 -> #REF! | T110: =E75/$J75 -> 547.28868 | U110: =F75/$J75 -> #REF! | V110: =G75/$J75 -> #REF! | W110: =Q110*$K$7+T110*$L$7 -> 718.45431 | X110: =R110*$K$7+U110*$L$7 -> #REF! | Y110: =S110*$K$7+V110*$L$7 -> #REF! | AB110: Infra.&Equip | AC110: =AC103/$AE$82 -> 0.3781762 | AD110: =AD103/$AE$95 -> 0.33721437 | AE110: =AE103/$AI$82 -> 0.34557439 | AF110: =AF103/$AI$95 -> 0.26144726 | AG110: =AG103/$AM$82 -> 0.36377429 | AH110: =AH103/$AM$95 -> 0.37304578 | AI110: =AI103/$AQ$82 -> 0.38205792
P111: 2032 | Q111: =B76/$J76 -> 999.1988 | R111: =C76/$J76 -> #REF! | S111: =D76/$J76 -> #REF! | T111: =E76/$J76 -> 528.35127 | U111: =F76/$J76 -> #REF! | V111: =G76/$J76 -> #REF! | W111: =Q111*$K$7+T111*$L$7 -> 693.1479 | X111: =R111*$K$7+U111*$L$7 -> #REF! | Y111: =S111*$K$7+V111*$L$7 -> #REF! | AB111: Transport | AC111: =AC104/$AE$82 -> 0.092631494 | AD111: =AD104/$AE$95 -> 0.11409236 | AE111: =AE104/$AI$82 -> 0.12657227 | AF111: =AF104/$AI$95 -> 0.16003017 | AG111: =AG104/$AM$82 -> 0.15390361 | AH111: =AH104/$AM$95 -> 0.16860642 | AI111: =AI104/$AQ$82 -> 0.18385102 | AL111: 自然
P112: 2033 | Q112: =B77/$J77 -> 963.78591 | R112: =C77/$J77 -> #REF! | S112: =D77/$J77 -> #REF! | T112: =E77/$J77 -> 510.29057 | U112: =F77/$J77 -> #REF! | V112: =G77/$J77 -> #REF! | W112: =Q112*$K$7+T112*$L$7 -> 669.01393 | X112: =R112*$K$7+U112*$L$7 -> #REF! | Y112: =S112*$K$7+V112*$L$7 -> #REF! | AB112: Feed | AC112: =AC105/$AE$82 -> 0.19015541 | AD112: =AD105/$AE$95 -> 0.23714387 | AE112: =AE105/$AI$82 -> 0.26139515 | AF112: =AF105/$AI$95 -> 0.32838058 | AG112: =AG105/$AM$82 -> 0.31380071 | AH112: =AH105/$AM$95 -> 0.34160284 | AI112: =AI105/$AQ$82 -> 0.37014192 | AL112: -1161.7318
P113: 2034 | Q113: =B78/$J78 -> 929.99942 | R113: =C78/$J78 -> #REF! | S113: =D78/$J78 -> #REF! | T113: =E78/$J78 -> 493.05801 | U113: =F78/$J78 -> #REF! | V113: =G78/$J78 -> #REF! | W113: =Q113*$K$7+T113*$L$7 -> 645.9875 | X113: =R113*$K$7+U113*$L$7 -> #REF! | Y113: =S113*$K$7+V113*$L$7 -> #REF!
P114: 2035 | Q114: =B79/$J79 -> 897.75044 | R114: =C79/$J79 -> #REF! | S114: =D79/$J79 -> #REF! | T114: =E79/$J79 -> 476.60827 | U114: =F79/$J79 -> #REF! | V114: =G79/$J79 -> #REF! | W114: =Q114*$K$7+T114*$L$7 -> 624.00803 | X114: =R114*$K$7+U114*$L$7 -> #REF! | Y114: =S114*$K$7+V114*$L$7 -> #REF! | AL114: 新增冷却电力
P115: 2036 | Q115: =B80/$J80 -> 866.95591 | R115: =C80/$J80 -> #REF! | S115: =D80/$J80 -> #REF! | T115: =E80/$J80 -> 460.89898 | U115: =F80/$J80 -> #REF! | V115: =G80/$J80 -> #REF! | W115: =Q115*$K$7+T115*$L$7 -> 603.01891 | X115: =R115*$K$7+U115*$L$7 -> #REF! | Y115: =S115*$K$7+V115*$L$7 -> #REF! | AB115: 贡献分解结果（换算整体比例） | AC115: 2020 | AD115: 2025 | AE115: 2030 | AF115: 2035 | AG115: 2040 | AH115: 2045 | AI115: 2050 | AL115: 2020 | AM115: 2025 | AN115: 2030 | AO115: 2035 | AP115: 2040 | AQ115: 2045 | AR115: 2050
P116: 2037 | Q116: =B81/$J81 -> 837.53811 | R116: =C81/$J81 -> #REF! | S116: =D81/$J81 -> #REF! | T116: =E81/$J81 -> 445.89055 | U116: =F81/$J81 -> #REF! | V116: =G81/$J81 -> #REF! | W116: =Q116*$K$7+T116*$L$7 -> 582.9672 | X116: =R116*$K$7+U116*$L$7 -> #REF! | Y116: =S116*$K$7+V116*$L$7 -> #REF! | AB116: Energy | AC116: =AC109*$W$64+AL117 -> 508.79265 | AD116: =AD109*$W$64+AM117 -> 472.03472 | AE116: =AE109*$W$64+AN117 -> 406.83735 | AF116: =AF109*$W$64+AO117 -> 383.17112 | AG116: =AG109*$W$64+AP117 -> 260.17067 | AH116: =AH109*$W$64+AQ117 -> 180.90058 | AI116: =AI109*$W$64+AR117 -> 99.279774 | AL116: =Temperature!Q15 -> 0 | AM116: =Temperature!Q20 -> 449.25469 | AN116: =Temperature!Q25 -> 696.35654 | AO116: =Temperature!Q30 -> 778.30604 | AP116: =Temperature!Q35 -> 727.06405 | AQ116: =Temperature!Q40 -> 570.14213 | AR116: =Temperature!Q45 -> 331.12981
P117: 2038 | Q117: =B82/$J82 -> 809.42431 | R117: =C82/$J82 -> #REF! | S117: =D82/$J82 -> #REF! | T117: =E82/$J82 -> 431.5459 | U117: =F82/$J82 -> #REF! | V117: =G82/$J82 -> #REF! | W117: =Q117*$K$7+T117*$L$7 -> 563.80335 | X117: =R117*$K$7+U117*$L$7 -> #REF! | Y117: =S117*$K$7+V117*$L$7 -> #REF! | AB117: Infra.&Equip | AC117: =AC110*$W$64 -> 567.529 | AD117: =AD110*$W$69 -> 319.8241 | AE117: =AE110*$W$74 -> 284.53136 | AF117: =AF110*$W$79 -> 187.9035 | AG117: =AG110*$W$84 -> 229.49241 | AH117: =AH110*$W$89 -> 207.76363 | AI117: =AI110*$W$94 -> 188.95729 | AK117: 模式占比 | AL117: =AL116*0.01 -> 0 | AM117: =AM116*0.01 -> 4.4925469 | AN117: =AN116*0.01 -> 6.9635654 | AO117: =AO116*0.01 -> 7.7830604 | AP117: =AP116*0.01 -> 7.2706405 | AQ117: =AQ116*0.01 -> 5.7014213 | AR117: =AR116*0.01 -> 3.3112981
P118: 2039 | Q118: =B83/$J83 -> 782.54635 | R118: =C83/$J83 -> #REF! | S118: =D83/$J83 -> #REF! | T118: =E83/$J83 -> 417.83029 | U118: =F83/$J83 -> #REF! | V118: =G83/$J83 -> #REF! | W118: =Q118*$K$7+T118*$L$7 -> 545.48091 | X118: =R118*$K$7+U118*$L$7 -> #REF! | Y118: =S118*$K$7+V118*$L$7 -> #REF! | AB118: Transport | AC118: =AC111*$W$64 -> 139.01208 | AD118: =AD111*$W$69 -> 108.20857 | AE118: =AE111*$W$74 -> 104.21426 | AF118: =AF111*$W$79 -> 115.01451 | AG118: =AG111*$W$84 -> 97.092378 | AH118: =AH111*$W$89 -> 93.90344 | AI118: =AI111*$W$94 -> 90.928597
P119: 2040 | Q119: =B84/$J84 -> 756.8403 | R119: =C84/$J84 -> #REF! | S119: =D84/$J84 -> #REF! | T119: =E84/$J84 -> 404.71117 | U119: =F84/$J84 -> #REF! | V119: =G84/$J84 -> #REF! | W119: =Q119*$K$7+T119*$L$7 -> 527.95636 | X119: =R119*$K$7+U119*$L$7 -> #REF! | Y119: =S119*$K$7+V119*$L$7 -> #REF! | AB119: Net carbon sequestration | AC119: =AC112*$W$64+AL112 -> -876.36559 | AD119: =AD112*$W$69+AL112 -> -936.81752 | AE119: =AE112*$W$74+AL112 -> -946.51006 | AF119: =AF112*$W$79+AL112 -> -925.72297 | AG119: =AG112*$W$84+AL112 -> -963.76595 | AH119: =AH112*$W$89+AL112 -> -971.47994 | AI119: =AI112*$W$94+AL112 -> -978.66788
P120: 2041 | Q120: =B85/$J85 -> 732.24617 | R120: =C85/$J85 -> #REF! | S120: =D85/$J85 -> #REF! | T120: =E85/$J85 -> 392.15795 | U120: =F85/$J85 -> #REF! | V120: =G85/$J85 -> #REF! | W120: =Q120*$K$7+T120*$L$7 -> 511.18883 | X120: =R120*$K$7+U120*$L$7 -> #REF! | Y120: =S120*$K$7+V120*$L$7 -> #REF!
P121: 2042 | Q121: =B86/$J86 -> 708.70761 | R121: =C86/$J86 -> #REF! | S121: =D86/$J86 -> #REF! | T121: =E86/$J86 -> 380.14195 | U121: =F86/$J86 -> #REF! | V121: =G86/$J86 -> #REF! | W121: =Q121*$K$7+T121*$L$7 -> 495.13993 | X121: =R121*$K$7+U121*$L$7 -> #REF! | Y121: =S121*$K$7+V121*$L$7 -> #REF! | AC121: =SUM(AC116:AC119) -> 338.96814 | AD121: =SUM(AD116:AD119) -> -36.750118 | AE121: =SUM(AE116:AE119) -> -150.92709 | AF121: =SUM(AF116:AF119) -> -239.63383 | AG121: =SUM(AG116:AG119) -> -377.01049 | AH121: =SUM(AH116:AH119) -> -488.91229 | AI121: =SUM(AI116:AI119) -> -599.50222
P122: 2043 | Q122: =B87/$J87 -> 686.17164 | R122: =C87/$J87 -> #REF! | S122: =D87/$J87 -> #REF! | T122: =E87/$J87 -> 368.63618 | U122: =F87/$J87 -> #REF! | V122: =G87/$J87 -> #REF! | W122: =Q122*$K$7+T122*$L$7 -> 479.77359 | X122: =R122*$K$7+U122*$L$7 -> #REF! | Y122: =S122*$K$7+V122*$L$7 -> #REF!
...

Sheet 单位碳足迹
A1: 注：基准考虑温度，其他不考虑 | B1: 基准情景单位产量碳足迹 | C1: 能源改进单位产量碳足迹 | D1: 养殖模式优化 | E1: 品种优化 | F1: 基建改进 | G1: 最优 (with BG) | H1: 最优 (without BG) | K1: 基准情景单位产量碳足迹 | L1: 能源改进单位产量碳足迹 | M1: 养殖模式优化 | N1: 品种优化 | O1: 基建改进 | P1: 最优 (with BG) | Q1: 最优 (without BG)
A2: 参考sheet Temprature | B2: 参考sheet Baseline | C2: 参考sheet Elec str | D2: 参考sheet Mode | E2: 参考sheet Speed | F2: 参考sheet Infrastructure | G2: 参考sheet Best | H2: 参考sheet Best | K2: 参考sheet Baseline | L2: 参考sheet Elec str | M2: 参考sheet Mode | N2: 参考sheet Speed | O2: 参考sheet Infrastructure | P2: 参考sheet Best | Q2: 参考sheet Best
A3: 年份 | B3: mean | C3: mean | D3: mean | E3: mean | F3: mean | G3: mean | H3: mean | I3: 自然 | K3: mean | L3: mean | M3: mean | N3: mean | O3: mean | P3: mean | Q3: mean
A4: 2020 | B4: =Baseline!K33+Temperature!P15*0.01 -> 1500.6999 | C4: ='Elec str'!J48 -> 1500.6999 | D4: =Mode!K3 -> 1500.6999 | E4: =Speed!F3 -> 1500.6999 | F4: =Infrastructure!L11 -> 1500.6999 | G4: =Best!W64+Temperature!Q15*0.01 -> 1500.6999 | H4: =Best!W99 -> 1500.6999 | I4: -1161.7318 | K4: =B4+$I$4 -> 338.96814 | L4: =C4+$I$4 -> 338.96814 | M4: =D4+$I$4 -> 338.96814 | N4: =E4+$I$4 -> 338.96814 | O4: =F4+$I$4 -> 338.96814 | P4: =G4+$I$4 -> 338.96814 | Q4: =H4+$I$4 -> 338.96814
A5: 2021 | B5: =Baseline!K34+Temperature!P16*0.01 -> 1507.2135 | C5: ='Elec str'!J49 -> 1500.6999 | D5: =Mode!K4 -> 1499.9937 | E5: =Speed!F4 -> 1471.2744 | F5: =Infrastructure!L12 -> 1491.5152 | G5: =Best!W65+Temperature!Q16*0.01 -> 1479.8146 | H5: =Best!W100 -> 1461.9033 | K5: =B5+$I$4 -> 345.48168 | L5: =C5+$I$4 -> 338.96814 | M5: =D5+$I$4 -> 338.26194 | N5: =E5+$I$4 -> 309.54265 | O5: =F5+$I$4 -> 329.78338 | P5: =G5+$I$4 -> 318.08277 | Q5: =H5+$I$4 -> 300.17151
A6: 2022 | B6: =Baseline!K35+Temperature!P17*0.01 -> 1495.2197 | C6: ='Elec str'!J50 -> 1482.3563 | D6: =Mode!K5 -> 1480.9114 | E6: =Speed!F5 -> 1425.3426 | F6: =Infrastructure!L13 -> 1464.5566 | G6: =Best!W66+Temperature!Q17*0.01 -> 1441.725 | H6: =Best!W101 -> 1407.4479 | K6: =B6+$I$4 -> 333.48795 | L6: =C6+$I$4 -> 320.62454 | M6: =D6+$I$4 -> 319.1796 | N6: =E6+$I$4 -> 263.61084 | O6: =F6+$I$4 -> 302.82481 | P6: =G6+$I$4 -> 279.99325 | Q6: =H6+$I$4 -> 245.71611
A7: 2023 | B7: =Baseline!K36+Temperature!P18*0.01 -> 1334.0712 | C7: ='Elec str'!J51 -> 1304.6289 | D7: =Mode!K6 -> 1314.6573 | E7: =Speed!F6 -> 1242.7019 | F7: =Infrastructure!L14 -> 1294.622 | G7: =Best!W67+Temperature!Q18*0.01 -> 1251.7009 | H7: =Best!W102 -> 1207.8316 | K7: =B7+$I$4 -> 172.3394 | L7: =C7+$I$4 -> 142.89713 | M7: =D7+$I$4 -> 152.92548 | N7: =E7+$I$4 -> 80.970068 | O7: =F7+$I$4 -> 132.89019 | P7: =G7+$I$4 -> 89.969119 | Q7: =H7+$I$4 -> 46.099766
A8: 2024 | B8: =Baseline!K37+Temperature!P19*0.01 -> 1078.2394 | C8: ='Elec str'!J52 -> 1035.2449 | D8: =Mode!K7 -> 1056.0669 | E8: =Speed!F7 -> 981.9015 | F8: =Infrastructure!L15 -> 1038.155 | G8: =Best!W68+Temperature!Q19*0.01 -> 980.0427 | H8: =Best!W103 -> 934.98009 | K8: =B8+$I$4 -> -83.492422 | L8: =C8+$I$4 -> -126.48692 | M8: =D8+$I$4 -> -105.66488 | N8: =E8+$I$4 -> -179.83029 | O8: =F8+$I$4 -> -123.57677 | P8: =G8+$I$4 -> -181.68909 | Q8: =H8+$I$4 -> -226.7517
A9: 2025 | B9: =Baseline!K38+Temperature!P20*0.01 -> 1082.7249 | C9: ='Elec str'!J53 -> 1020.4141 | D9: =Mode!K8 -> 1054.9702 | E9: =Speed!F8 -> 964.04875 | F9: =Infrastructure!L16 -> 1033.0092 | G9: =Best!W69+Temperature!Q20*0.01 -> 952.92219 | H9: =Best!W104 -> 899.19633 | K9: =B9+$I$4 -> -79.006869 | L9: =C9+$I$4 -> -141.31766 | M9: =D9+$I$4 -> -106.76156 | N9: =E9+$I$4 -> -197.68304 | O9: =F9+$I$4 -> -128.7226 | P9: =G9+$I$4 -> -208.8096 | Q9: =H9+$I$4 -> -262.53546
A10: 2026 | B10: =Baseline!K39+Temperature!P21*0.01 -> 1087.2264 | C10: ='Elec str'!J54 -> 1005.9563 | D10: =Mode!K9 -> 1053.8736 | E10: =Speed!F9 -> 946.83359 | F10: =Infrastructure!L17 -> 1028.0193 | G10: =Best!W70+Temperature!Q21*0.01 -> 926.71536 | H10: =Best!W105 -> 865.19762 | K10: =B10+$I$4 -> -74.505414 | L10: =C10+$I$4 -> -155.77554 | M10: =D10+$I$4 -> -107.85824 | N10: =E10+$I$4 -> -214.8982 | O10: =F10+$I$4 -> -133.71249 | P10: =G10+$I$4 -> -235.01643 | Q10: =H10+$I$4 -> -296.53417
A11: 2027 | B11: =Baseline!K40+Temperature!P22*0.01 -> 1091.7439 | C11: ='Elec str'!J55 -> 991.86339 | D11: =Mode!K10 -> 1052.7769 | E11: =Speed!F10 -> 930.22248 | F11: =Infrastructure!L18 -> 1023.1784 | G11: =Best!W71+Temperature!Q22*0.01 -> 901.38576 | H11: =Best!W106 -> 832.87565 | K11: =B11+$I$4 -> -69.987925 | L11: =C11+$I$4 -> -169.8684 | M11: =D11+$I$4 -> -108.95492 | N11: =E11+$I$4 -> -231.50931 | O11: =F11+$I$4 -> -138.55344 | P11: =G11+$I$4 -> -260.34603 | Q11: =H11+$I$4 -> -328.85614
A12: 2028 | B12: =Baseline!K41+Temperature!P23*0.01 -> 1096.2775 | C12: ='Elec str'!J56 -> 978.12785 | D12: =Mode!K11 -> 1051.6802 | E12: =Speed!F11 -> 914.18416 | F12: =Infrastructure!L19 -> 1018.4798 | G12: =Best!W72+Temperature!Q23*0.01 -> 876.89866 | H12: =Best!W107 -> 802.13008 | K12: =B12+$I$4 -> -65.454271 | L12: =C12+$I$4 -> -183.60394 | M12: =D12+$I$4 -> -110.05159 | N12: =E12+$I$4 -> -247.54763 | O12: =F12+$I$4 -> -143.252 | P12: =G12+$I$4 -> -284.83313 | Q12: =H12+$I$4 -> -359.60171
A13: 2029 | B13: =Baseline!K42+Temperature!P24*0.01 -> 1100.8275 | C13: ='Elec str'!J57 -> 964.74208 | D13: =Mode!K12 -> 1050.5835 | E13: =Speed!F12 -> 898.68951 | F13: =Infrastructure!L20 -> 1013.9174 | G13: =Best!W73+Temperature!Q24*0.01 -> 853.22101 | H13: =Best!W108 -> 772.86791 | K13: =B13+$I$4 -> -60.904319 | L13: =C13+$I$4 -> -196.98971 | M13: =D13+$I$4 -> -111.14827 | N13: =E13+$I$4 -> -263.04228 | O13: =F13+$I$4 -> -147.81438 | P13: =G13+$I$4 -> -308.51078 | Q13: =H13+$I$4 -> -388.86388
A14: 2030 | B14: =Baseline!K43+Temperature!P25*0.01 -> 1105.3939 | C14: ='Elec str'!J58 -> 951.69867 | D14: =Mode!K13 -> 1049.4868 | E14: =Speed!F13 -> 883.71135 | F14: =Infrastructure!L21 -> 1009.4854 | G14: =Best!W74+Temperature!Q25*0.01 -> 830.32133 | H14: =Best!W109 -> 745.00274 | K14: =B14+$I$4 -> -56.337933 | L14: =C14+$I$4 -> -210.03312 | M14: =D14+$I$4 -> -112.24495 | N14: =E14+$I$4 -> -278.02044 | O14: =F14+$I$4 -> -152.2464 | P14: =G14+$I$4 -> -331.41046 | Q14: =H14+$I$4 -> -416.72905
A15: 2031 | B15: =Baseline!K44+Temperature!P26*0.01 -> 1109.9768 | C15: ='Elec str'!J59 -> 938.99038 | D15: =Mode!K14 -> 1048.3902 | E15: =Speed!F14 -> 869.22428 | F15: =Infrastructure!L22 -> 1005.1782 | G15: =Best!W75+Temperature!Q26*0.01 -> 808.16958 | H15: =Best!W110 -> 718.45431 | K15: =B15+$I$4 -> -51.754978 | L15: =C15+$I$4 -> -222.74141 | M15: =D15+$I$4 -> -113.34163 | N15: =E15+$I$4 -> -292.50751 | O15: =F15+$I$4 -> -156.55357 | P15: =G15+$I$4 -> -353.56221 | Q15: =H15+$I$4 -> -443.27748
A16: 2032 | B16: =Baseline!K45+Temperature!P27*0.01 -> 1114.5765 | C16: ='Elec str'!J60 -> 926.61008 | D16: =Mode!K15 -> 1047.2935 | E16: =Speed!F15 -> 855.20454 | F16: =Infrastructure!L23 -> 1000.9907 | G16: =Best!W76+Temperature!Q27*0.01 -> 786.73711 | H16: =Best!W111 -> 693.1479 | K16: =B16+$I$4 -> -47.155315 | L16: =C16+$I$4 -> -235.12171 | M16: =D16+$I$4 -> -114.43831 | N16: =E16+$I$4 -> -306.52725 | O16: =F16+$I$4 -> -160.7411 | P16: =G16+$I$4 -> -374.99468 | Q16: =H16+$I$4 -> -468.58389
... A34: 2050 | B34: =Baseline!K63+Temperature!P45*0.01 -> 1200.3941 | C34: ='Elec str'!J78 -> 752.51335 | D34: =Mode!K33 -> 1027.5533 | E34: =Speed!F33 -> 662.78352 | F34: =Infrastructure!L41 -> 941.52776 | G34: =Best!W94+Temperature!Q45*0.01 -> 497.88891 | H34: =Best!W129 -> 388.70429 | K34: =B34+$I$4 -> 38.662335 | L34: =C34+$I$4 -> -409.21844 | M34: =D34+$I$4 -> -134.17852 | N34: =E34+$I$4 -> -498.94827 | O34: =F34+$I$4 -> -220.20403 | P34: =G34+$I$4 -> -663.84288 | Q34: =H34+$I$4 -> -773.0275

Sheet Production
C1: 品种比例
A2: 年份 | B2: 中国未来鲍鱼总产量（吨） | C2: 皱纹盘鲍 | D2: 绿盘鲍 | E2: 皱纹盘鲍产量 | F2: 绿盘鲍产量
A3: 2020 | B3: 200559.64 | C3: 0.95 | D3: 0.05 | E3: =$B3*C3 -> 190531.65 | F3: =$B3*D3 -> 10027.982
A4: 2021 | B4: 215140.17 | C4: 0.95 | D4: 0.05 | E4: =$B4*C4 -> 204383.16 | F4: =$B4*D4 -> 10757.008
A5: 2022 | B5: 229192.78 | C5: 0.925 | D5: 0.075 | E5: =$B5*C5 -> 212003.32 | F5: =$B5*D5 -> 17189.458
A6: 2023 | B6: 242592.25 | C6: 0.7 | D6: 0.3 | E6: =$B6*C6 -> 169814.57 | F6: =$B6*D6 -> 72777.675
A7: 2024 | B7: 255239.19 | C7: 0.35 | D7: 0.65 | E7: =$B7*C7 -> 89333.718 | F7: =$B7*D7 -> 165905.48
A8: 2025 | B8: 267061.53 | C8: 0.35 | D8: 0.65 | E8: =$B8*C8 -> 93471.535 | F8: =$B8*D8 -> 173589.99
A9: 2026 | B9: 278014.11 | C9: 0.35 | D9: 0.65 | E9: =$B9*C9 -> 97304.94 | F9: =$B9*D9 -> 180709.17
A10: 2027 | B10: 288076.87 | C10: 0.35 | D10: 0.65 | E10: =$B10*C10 -> 100826.9 | F10: =$B10*D10 -> 187249.96
A11: 2028 | B11: 297251.76 | C11: 0.35 | D11: 0.65 | E11: =$B11*C11 -> 104038.11 | F11: =$B11*D11 -> 193213.64
A12: 2029 | B12: 305559.15 | C12: 0.35 | D12: 0.65 | E12: =$B12*C12 -> 106945.7 | F12: =$B12*D12 -> 198613.45
A13: 2030 | B13: 313033.93 | C13: 0.35 | D13: 0.65 | E13: =$B13*C13 -> 109561.88 | F13: =$B13*D13 -> 203472.05
A14: 2031 | B14: 319721.66 | C14: 0.35 | D14: 0.65 | E14: =$B14*C14 -> 111902.58 | F14: =$B14*D14 -> 207819.08
... A33: 2050 | B33: 363865.87 | C33: 0.35 | D33: 0.65 | E33: =$B33*C33 -> 127353.06 | F33: =$B33*D33 -> 236512.82

Sheet Error
A1: year | B1: error
A2: 2020 | B2: 109858.31
A3: 2021 | B3: 115616.24
A4: 2022 | B4: 121374.17
A5: 2023 | B5: 127132.1
A6: 2024 | B6: 132890.02
A7: 2025 | B7: 138647.95
A8: 2026 | B8: 142784.11
A9: 2027 | B9: 146920.26
A10: 2028 | B10: 151056.41
A11: 2029 | B11: 155192.57
A12: 2030 | B12: 159328.72
A13: 2031 | B13: 162448.58
... A32: 2050 | B32: 170408.96

Sheet 产业碳足迹
B1: 基准情景 | E1: 能源改进 | H1: 养殖模式优化 | K1: 品种优化 | N1: 基建改进 | Q1: 最优 (with BG) | T1: 最优 (without BG)
B2: mean | C2: max | D2: min | E2: mean | F2: max | G2: min | H2: mean | I2: max | J2: min | K2: mean | L2: max | M2: min | N2: mean | O2: max | P2: min | Q2: mean | R2: max | S2: min | T2: mean | U2: max | V2: min
A3: 2020 | B3: =Production!$B3*单位碳足迹!K4/1000 -> 67983.327 | C3: =$B3+Error!$B2 -> 177841.64 | D3: =$B3-Error!$B2 -> -41874.984 | E3: =Production!$B3*单位碳足迹!L4/1000 -> 67983.327 | F3: =$E3+Error!$B2 -> 177841.64 | G3: =$E3-Error!$B2 -> -41874.984 | H3: =Production!$B3*单位碳足迹!M4/1000 -> 67983.327 | I3: =$H3+Error!$B2 -> 177841.64 | J3: =$H3-Error!$B2 -> -41874.984 | K3: =Production!$B3*单位碳足迹!N4/1000 -> 67983.327 | L3: =$K3+Error!$B2 -> 177841.64 | M3: =$K3-Error!$B2 -> -41874.984 | N3: =Production!$B3*单位碳足迹!O4/1000 -> 67983.327 | O3: =$N3+Error!$B2 -> 177841.64 | P3: =$N3-Error!$B2 -> -41874.984 | Q3: =Production!$B3*单位碳足迹!P4/1000 -> 67983.327 | R3: =$Q3+Error!$B2 -> 177841.64 | S3: =$Q3-Error!$B2 -> -41874.984 | T3: =Production!$B3*单位碳足迹!Q4/1000 -> 67983.327 | U3: =$T3+Error!$B2 -> 177841.64 | V3: =$T3-Error!$B2 -> -41874.984
A4: 2021 | B4: =Production!$B4*单位碳足迹!K5/1000 -> 74326.987 | C4: =$B4+Error!$B3 -> 189943.23 | D4: =$B4-Error!$B3 -> -41289.252 | E4: =Production!$B4*单位碳足迹!L5/1000 -> 72925.663 | F4: =$E4+Error!$B3 -> 188541.9 | G4: =$E4-Error!$B3 -> -42690.576 | H4: =Production!$B4*单位碳足迹!M5/1000 -> 72773.73 | I4: =$H4+Error!$B3 -> 188389.97 | J4: =$H4-Error!$B3 -> -42842.509 | K4: =Production!$B4*单位碳足迹!N5/1000 -> 66595.058 | L4: =$K4+Error!$B3 -> 182211.3 | M4: =$K4-Error!$B3 -> -49021.181 | N4: =Production!$B4*单位碳足迹!O5/1000 -> 70949.651 | O4: =$N4+Error!$B3 -> 186565.89 | P4: =$N4-Error!$B3 -> -44666.588 | Q4: =Production!$B4*单位碳足迹!P5/1000 -> 68432.381 | R4: =$Q4+Error!$B3 -> 184048.62 | S4: =$Q4-Error!$B3 -> -47183.858 | T4: =Production!$B4*单位碳足迹!Q5/1000 -> 64578.95 | U4: =$T4+Error!$B3 -> 180195.19 | V4: =$T4-Error!$B3 -> -51037.289
A5: 2022 | B5: =Production!$B5*单位碳足迹!K6/1000 -> 76433.03 | C5: =$B5+Error!$B4 -> 197807.2 | D5: =$B5-Error!$B4 -> -44941.137 | E5: =Production!$B5*单位碳足迹!L6/1000 -> 73484.83 | F5: =$E5+Error!$B4 -> 194859 | G5: =$E5-Error!$B4 -> -47889.338 | H5: =Production!$B5*单位碳足迹!M6/1000 -> 73153.659 | I5: =$H5+Error!$B4 -> 194527.83 | J5: =$H5-Error!$B4 -> -48220.508 | K5: =Production!$B5*单位碳足迹!N6/1000 -> 60417.7 | L5: =$K5+Error!$B4 -> 181791.87 | M5: =$K5-Error!$B4 -> -60956.467 | N5: =Production!$B5*单位碳足迹!O6/1000 -> 69405.259 | O5: =$N5+Error!$B4 -> 190779.43 | P5: =$N5-Error!$B4 -> -51968.908 | Q5: =Production!$B5*单位碳足迹!P6/1000 -> 64172.43 | R5: =$Q5+Error!$B4 -> 185546.6 | S5: =$Q5-Error!$B4 -> -57201.737 | T5: =Production!$B5*单位碳足迹!Q6/1000 -> 56316.356 | U5: =$T5+Error!$B4 -> 177690.52 | V5: =$T5-Error!$B4 -> -65057.811
A6: 2023 | B6: =Production!$B6*单位碳足迹!K7/1000 -> 41808.203 | C6: =$B6+Error!$B5 -> 168940.3 | D6: =$B6-Error!$B5 -> -85323.893 | E6: =Production!$B6*单位碳足迹!L7/1000 -> 34665.736 | F6: =$E6+Error!$B5 -> 161797.83 | G6: =$E6-Error!$B5 -> -92466.36 | H6: =Production!$B6*单位碳足迹!M7/1000 -> 37098.536 | I6: =$H6+Error!$B5 -> 164230.63 | J6: =$H6-Error!$B5 -> -90033.56 | K6: =Production!$B6*单位碳足迹!N7/1000 -> 19642.711 | L6: =$K6+Error!$B5 -> 146774.81 | M6: =$K6-Error!$B5 -> -107489.38 | N6: =Production!$B6*单位碳足迹!O7/1000 -> 32238.129 | O6: =$N6+Error!$B5 -> 159370.23 | P6: =$N6-Error!$B5 -> -94893.967 | Q6: =Production!$B6*单位碳足迹!P7/1000 -> 21825.811 | R6: =$Q6+Error!$B5 -> 148957.91 | S6: =$Q6-Error!$B5 -> -105306.28 | T6: =Production!$B6*单位碳足迹!Q7/1000 -> 11183.446 | U6: =$T6+Error!$B5 -> 138315.54 | V6: =$T6-Error!$B5 -> -115948.65
A7: 2024 | B7: =Production!$B7*单位碳足迹!K8/1000 -> -21310.539 | C7: =$B7+Error!$B6 -> 111579.49 | D7: =$B7-Error!$B6 -> -154200.56 | E7: =Production!$B7*单位碳足迹!L8/1000 -> -32284.419 | F7: =$E7+Error!$B6 -> 100605.61 | G7: =$E7-Error!$B6 -> -165174.44 | H7: =Production!$B7*单位碳足迹!M8/1000 -> -26969.819 | I7: =$H7+Error!$B6 -> 105920.21 | J7: =$H7-Error!$B6 -> -159859.84 | K7: =Production!$B7*单位碳足迹!N8/1000 -> -45899.737 | L7: =$K7+Error!$B6 -> 86990.287 | M7: =$K7-Error!$B6 -> -178789.76 | N7: =Production!$B7*单位碳足迹!O8/1000 -> -31541.634 | O7: =$N7+Error!$B6 -> 101348.39 | P7: =$N7-Error!$B6 -> -164431.66 | Q7: =Production!$B7*单位碳足迹!P8/1000 -> -46374.176 | R7: =$Q7+Error!$B6 -> 86515.848 | S7: =$Q7-Error!$B6 -> -179264.2 | T7: =Production!$B7*单位碳足迹!Q8/1000 -> -57875.922 | U7: =$T7+Error!$B6 -> 75014.102 | V7: =$T7-Error!$B6 -> -190765.95
A8: 2025 | B8: =Production!$B8*单位碳足迹!K9/1000 -> -21099.695 | C8: =$B8+Error!$B7 -> 117548.26 | D8: =$B8-Error!$B7 -> -159747.65 | E8: =Production!$B8*单位碳足迹!L9/1000 -> -37740.51 | F8: =$E8+Error!$B7 -> 100907.44 | G8: =$E8-Error!$B7 -> -176388.46 | H8: =Production!$B8*单位碳足迹!M9/1000 -> -28511.905 | I8: =$H8+Error!$B7 -> 110136.05 | J8: =$H8-Error!$B7 -> -167159.86 | K8: =Production!$B8*单位碳足迹!N9/1000 -> -52793.535 | L8: =$K8+Error!$B7 -> 85854.418 | M8: =$K8-Error!$B7 -> -191441.49 | N8: =Production!$B8*单位碳足迹!O9/1000 -> -34376.853 | O8: =$N8+Error!$B7 -> 104271.1 | P8: =$N8-Error!$B7 -> -173024.81 | Q8: =Production!$B8*单位碳足迹!P9/1000 -> -55765.01 | R8: =$Q8+Error!$B7 -> 82882.942 | S8: =$Q8-Error!$B7 -> -194412.96 | T8: =Production!$B8*单位碳足迹!Q9/1000 -> -70113.121 | U8: =$T8+Error!$B7 -> 68534.832 | V8: =$T8-Error!$B7 -> -208761.07
A9: 2026 | B9: =Production!$B9*单位碳足迹!K10/1000 -> -20713.557 | C9: =$B9+Error!$B8 -> 122070.55 | D9: =$B9-Error!$B8 -> -163497.66 | E9: =Production!$B9*单位碳足迹!L10/1000 -> -43307.799 | F9: =$E9+Error!$B8 -> 99476.307 | G9: =$E9-Error!$B8 -> -186091.9 | H9: =Production!$B9*单位碳足迹!M10/1000 -> -29986.112 | I9: =$H9+Error!$B8 -> 112797.99 | J9: =$H9-Error!$B8 -> -172770.22 | K9: =Production!$B9*单位碳足迹!N10/1000 -> -59744.732 | L9: =$K9+Error!$B8 -> 83039.374 | M9: =$K9-Error!$B8 -> -202528.84 | N9: =Production!$B9*单位碳足迹!O10/1000 -> -37173.961 | O9: =$N9+Error!$B8 -> 105610.15 | P9: =$N9-Error!$B8 -> -179958.07 | Q9: =Production!$B9*单位碳足迹!P10/1000 -> -65337.884 | R9: =$Q9+Error!$B8 -> 77446.222 | S9: =$Q9-Error!$B8 -> -208121.99 | T9: =Production!$B9*单位碳足迹!Q10/1000 -> -82440.684 | U9: =$T9+Error!$B8 -> 60343.422 | V9: =$T9-Error!$B8 -> -225224.79
A10: 2027 | B10: =Production!$B10*单位碳足迹!K11/1000 -> -20161.902 | C10: =$B10+Error!$B9 -> 126758.36 | D10: =$B10-Error!$B9 -> -167082.16 | E10: =Production!$B10*单位碳足迹!L11/1000 -> -48935.157 | F10: =$E10+Error!$B9 -> 97985.102 | G10: =$E10-Error!$B9 -> -195855.42 | H10: =Production!$B10*单位碳足迹!M11/1000 -> -31387.391 | I10: =$H10+Error!$B9 -> 115532.87 | J10: =$H10-Error!$B9 -> -178307.65 | K10: =Production!$B10*单位碳足迹!N11/1000 -> -66692.478 | L10: =$K10+Error!$B9 -> 80227.781 | M10: =$K10-Error!$B9 -> -213612.74 | N10: =Production!$B10*单位碳足迹!O11/1000 -> -39914.041 | O10: =$N10+Error!$B9 -> 107006.22 | P10: =$N10-Error!$B9 -> -186834.3 | Q10: =Production!$B10*单位碳足迹!P11/1000 -> -74999.67 | R10: =$Q10+Error!$B9 -> 71920.589 | S10: =$Q10-Error!$B9 -> -221919.93 | T10: =Production!$B10*单位碳足迹!Q11/1000 -> -94735.847 | U10: =$T10+Error!$B9 -> 52184.412 | V10: =$T10-Error!$B9 -> -241656.11
A11: 2028 | B11: =Production!$B11*单位碳足迹!K12/1000 -> -19456.397 | C11: =$B11+Error!$B10 -> 131600.02 | D11: =$B11-Error!$B10 -> -170512.81 | E11: =Production!$B11*单位碳足迹!L12/1000 -> -54576.594 | F11: =$E11+Error!$B10 -> 96479.818 | G11: =$E11-Error!$B10 -> -205633.01 | H11: =Production!$B11*单位碳足迹!M12/1000 -> -32713.03 | I11: =$H11+Error!$B10 -> 118343.38 | J11: =$H11-Error!$B10 -> -183769.44 | K11: =Production!$B11*单位碳足迹!N12/1000 -> -73583.968 | L11: =$K11+Error!$B10 -> 77472.444 | M11: =$K11-Error!$B10 -> -224640.38 | N11: =Production!$B11*单位碳足迹!O12/1000 -> -42581.909 | O11: =$N11+Error!$B10 -> 108474.5 | P11: =$N11-Error!$B10 -> -193638.32 | Q11: =Production!$B11*单位碳足迹!P12/1000 -> -84667.149 | R11: =$Q11+Error!$B10 -> 66389.263 | S11: =$Q11-Error!$B10 -> -235723.56 | T11: =Production!$B11*单位碳足迹!Q12/1000 -> -106892.24 | U11: =$T11+Error!$B10 -> 44164.174 | V11: =$T11-Error!$B10 -> -257948.65
A12: 2029 | B12: =Production!$B12*单位碳足迹!K13/1000 -> -18609.872 | C12: =$B12+Error!$B11 -> 136582.69 | D12: =$B12-Error!$B11 -> -173802.44 | E12: =Production!$B12*单位碳足迹!L13/1000 -> -60192.009 | F12: =$E12+Error!$B11 -> 95000.556 | G12: =$E12-Error!$B11 -> -215384.57 | H12: =Production!$B12*单位碳足迹!M13/1000 -> -33962.372 | I12: =$H12+Error!$B11 -> 121230.19 | J12: =$H12-Error!$B11 -> -189154.94 | K12: =Production!$B12*单位碳足迹!N13/1000 -> -80374.975 | L12: =$K12+Error!$B11 -> 74817.59 | M12: =$K12-Error!$B11 -> -235567.54 | N12: =Production!$B12*单位碳足迹!O13/1000 -> -45166.035 | O12: =$N12+Error!$B11 -> 110026.53 | P12: =$N12-Error!$B11 -> -200358.6 | Q12: =Production!$B12*单位碳足迹!P13/1000 -> -94268.291 | R12: =$Q12+Error!$B11 -> 60924.275 | S12: =$Q12-Error!$B11 -> -249460.86 | T12: =Production!$B12*单位碳足迹!Q13/1000 -> -118820.92 | U12: =$T12+Error!$B11 -> 36371.647 | V12: =$T12-Error!$B11 -> -274013.48
A13: 2030 | B13: =Production!$B13*单位碳足迹!K14/1000 -> -17635.685 | C13: =$B13+Error!$B12 -> 141693.03 | D13: =$B13-Error!$B12 -> -176964.4 | E13: =Production!$B13*单位碳足迹!L14/1000 -> -65747.491 | F13: =$E13+Error!$B12 -> 93581.227 | G13: =$E13-Error!$B12 -> -225076.21 | H13: =Production!$B13*单位碳足迹!M14/1000 -> -35136.478 | I13: =$H13+Error!$B12 -> 124192.24 | J13: =$H13-Error!$B12 -> -194465.2 | K13: =Production!$B13*单位碳足迹!N14/1000 -> -87029.83 | L13: =$K13+Error!$B12 -> 72298.889 | M13: =$K13-Error!$B12 -> -246358.55 | N13: =Production!$B13*单位碳足迹!O14/1000 -> -47658.287 | O13: =$N13+Error!$B12 -> 111670.43 | P13: =$N13-Error!$B12 -> -206987.01 | Q13: =Production!$B13*单位碳足迹!P14/1000 -> -103742.72 | R13: =$Q13+Error!$B12 -> 55586 | S13: =$Q13-Error!$B12 -> -263071.44 | T13: =Production!$B13*单位碳足迹!Q14/1000 -> -130450.33 | U13: =$T13+Error!$B12 -> 28878.387 | V13: =$T13-Error!$B12 -> -289779.05
A14: 2031 | B14: =Production!$B14*单位碳足迹!K15/1000 -> -16547.187 | C14: =$B14+Error!$B13 -> 145901.4 | D14: =$B14-Error!$B13 -> -178995.77 | E14: =Production!$B14*单位碳足迹!L15/1000 -> -71215.253 | F14: =$E14+Error!$B13 -> 91233.331 | G14: =$E14-Error!$B13 -> -233663.84 | H14: =Production!$B14*单位碳足迹!M15/1000 -> -36237.774 | I14: =$H14+Error!$B13 -> 126210.81 | J14: =$H14-Error!$B13 -> -198686.36 | K14: =Production!$B14*单位碳足迹!N15/1000 -> -93520.986 | L14: =$K14+Error!$B13 -> 68927.598 | M14: =$K14-Error!$B13 -> -255969.57 | N14: =Production!$B14*单位碳足迹!O15/1000 -> -50053.567 | O14: =$N14+Error!$B13 -> 112395.02 | P14: =$N14-Error!$B13 -> -212502.15 | Q14: =Production!$B14*单位碳足迹!P15/1000 -> -113041.5 | R14: =$Q14+Error!$B13 -> 49407.086 | S14: =$Q14-Error!$B13 -> -275490.08 | T14: =Production!$B14*单位碳足迹!Q15/1000 -> -141725.41 | U14: =$T14+Error!$B13 -> 20723.172 | V14: =$T14-Error!$B13 -> -304174
... A33: 2050 | B33: =Production!$B33*单位碳足迹!K34/1000 -> 14067.905 | C33: =$B33+Error!$B32 -> 184476.86 | D33: =$B33-Error!$B32 -> -156341.06 | E33: =Production!$B33*单位碳足迹!L34/1000 -> -148900.63 | F33: =$E33+Error!$B32 -> 21508.332 | G33: =$E33-Error!$B32 -> -319309.59 | H33: =Production!$B33*单位碳足迹!M34/1000 -> -48822.985 | I33: =$H33+Error!$B32 -> 121585.97 | J33: =$H33-Error!$B32 -> -219231.94 | K33: =Production!$B33*单位碳足迹!N34/1000 -> -181550.25 | L33: =$K33+Error!$B32 -> -11141.291 | M33: =$K33-Error!$B32 -> -351959.21 | N33: =Production!$B33*单位碳足迹!O34/1000 -> -80124.734 | O33: =$N33+Error!$B32 -> 90284.226 | P33: =$N33-Error!$B32 -> -250533.69 | Q33: =Production!$B33*单位碳足迹!P34/1000 -> -241549.77 | R33: =$Q33+Error!$B32 -> -71140.812 | S33: =$Q33-Error!$B32 -> -411958.73 | T33: =Production!$B33*单位碳足迹!Q34/1000 -> -281278.33 | U33: =$T33+Error!$B32 -> -110869.37 | V33: =$T33-Error!$B32 -> -451687.29

Sheet Fig 4a1
B1: BAU | E1: P1 | H1: P2 | K1: P3 | N1: P5 | Q1: Best (with BG) | T1: Best (without BG)
B2: mean | C2: max | D2: min | E2: mean | F2: max | G2: min | H2: mean | I2: max | J2: min | K2: mean | L2: max | M2: min | N2: mean | O2: max | P2: min | Q2: mean | R2: max | S2: min | T2: mean | U2: max | V2: min
A3: 2020 | B3: =产业碳足迹!B3 -> 67983.327 | C3: =产业碳足迹!C3 -> 177841.64 | D3: =产业碳足迹!D3 -> -41874.984 | E3: =产业碳足迹!E3 -> 67983.327 | F3: =产业碳足迹!F3 -> 177841.64 | G3: =产业碳足迹!G3 -> -41874.984 | H3: =产业碳足迹!H3 -> 67983.327 | I3: =产业碳足迹!I3 -> 177841.64 | ... V3: =产业碳足迹!V3 -> -41874.984
A4: 2021 | B4: =产业碳足迹!B4 -> 74326.987 | C4: =产业碳足迹!C4 -> 189943.23 | D4: =产业碳足迹!D4 -> -41289.252 | E4: =产业碳足迹!E4 -> 72925.663 | F4: =产业碳足迹!F4 -> 188541.9 | G4: =产业碳足迹!G4 -> -42690.576 | H4: =产业碳足迹!H4 -> 72773.73 | I4: =产业碳足迹!I4 -> 188389.97 | ... V4: =产业碳足迹!V4 -> -51037.289
A5: 2022 | B5: =产业碳足迹!B5 -> 76433.03 | C5: =产业碳足迹!C5 -> 197807.2 | D5: =产业碳足迹!D5 -> -44941.137 | E5: =产业碳足迹!E5 -> 73484.83 | F5: =产业碳足迹!F5 -> 194859 | G5: =产业碳足迹!G5 -> -47889.338 | H5: =产业碳足迹!H5 -> 73153.659 | I5: =产业碳足迹!I5 -> 194527.83 | ... V5: =产业碳足迹!V5 -> -65057.811
A6: 2023 | B6: =产业碳足迹!B6 -> 41808.203 | C6: =产业碳足迹!C6 -> 168940.3 | D6: =产业碳足迹!D6 -> -85323.893 | E6: =产业碳足迹!E6 -> 34665.736 | F6: =产业碳足迹!F6 -> 161797.83 | G6: =产业碳足迹!G6 -> -92466.36 | H6: =产业碳足迹!H6 -> 37098.536 | I6: =产业碳足迹!I6 -> 164230.63 | ... V6: =产业碳足迹!V6 -> -115948.65
A7: 2024 | B7: =产业碳足迹!B7 -> -21310.539 | C7: =产业碳足迹!C7 -> 111579.49 | D7: =产业碳足迹!D7 -> -154200.56 | E7: =产业碳足迹!E7 -> -32284.419 | F7: =产业碳足迹!F7 -> 100605.61 | G7: =产业碳足迹!G7 -> -165174.44 | H7: =产业碳足迹!H7 -> -26969.819 | I7: =产业碳足迹!I7 -> 105920.21 | ... V7: =产业碳足迹!V7 -> -190765.95
A8: 2025 | B8: =产业碳足迹!B8 -> -21099.695 | C8: =产业碳足迹!C8 -> 117548.26 | D8: =产业碳足迹!D8 -> -159747.65 | E8: =产业碳足迹!E8 -> -37740.51 | F8: =产业碳足迹!F8 -> 100907.44 | G8: =产业碳足迹!G8 -> -176388.46 | H8: =产业碳足迹!H8 -> -28511.905 | I8: =产业碳足迹!I8 -> 110136.05 | ... V8: =产业碳足迹!V8 -> -208761.07
A9: 2026 | B9: =产业碳足迹!B9 -> -20713.557 | C9: =产业碳足迹!C9 -> 122070.55 | D9: =产业碳足迹!D9 -> -163497.66 | E9: =产业碳足迹!E9 -> -43307.799 | F9: =产业碳足迹!F9 -> 99476.307 | G9: =产业碳足迹!G9 -> -186091.9 | H9: =产业碳足迹!H9 -> -29986.112 | I9: =产业碳足迹!I9 -> 112797.99 | ... V9: =产业碳足迹!V9 -> -225224.79
A10: 2027 | B10: =产业碳足迹!B10 -> -20161.902 | C10: =产业碳足迹!C10 -> 126758.36 | D10: =产业碳足迹!D10 -> -167082.16 | E10: =产业碳足迹!E10 -> -48935.157 | F10: =产业碳足迹!F10 -> 97985.102 | G10: =产业碳足迹!G10 -> -195855.42 | H10: =产业碳足迹!H10 -> -31387.391 | I10: =产业碳足迹!I10 -> 115532.87 | ... V10: =产业碳足迹!V10 -> -241656.11
A11: 2028 | B11: =产业碳足迹!B11 -> -19456.397 | C11: =产业碳足迹!C11 -> 131600.02 | D11: =产业碳足迹!D11 -> -170512.81 | E11: =产业碳足迹!E11 -> -54576.594 | F11: =产业碳足迹!F11 -> 96479.818 | G11: =产业碳足迹!G11 -> -205633.01 | H11: =产业碳足迹!H11 -> -32713.03 | I11: =产业碳足迹!I11 -> 118343.38 | ... V11: =产业碳足迹!V11 -> -257948.65
A12: 2029 | B12: =产业碳足迹!B12 -> -18609.872 | C12: =产业碳足迹!C12 -> 136582.69 | D12: =产业碳足迹!D12 -> -173802.44 | E12: =产业碳足迹!E12 -> -60192.009 | F12: =产业碳足迹!F12 -> 95000.556 | G12: =产业碳足迹!G12 -> -215384.57 | H12: =产业碳足迹!H12 -> -33962.372 | I12: =产业碳足迹!I12 -> 121230.19 | ... V12: =产业碳足迹!V12 -> -274013.48
A13: 2030 | B13: =产业碳足迹!B13 -> -17635.685 | C13: =产业碳足迹!C13 -> 141693.03 | D13: =产业碳足迹!D13 -> -176964.4 | E13: =产业碳足迹!E13 -> -65747.491 | F13: =产业碳足迹!F13 -> 93581.227 | G13: =产业碳足迹!G13 -> -225076.21 | H13: =产业碳足迹!H13 -> -35136.478 | I13: =产业碳足迹!I13 -> 124192.24 | ... V13: =产业碳足迹!V13 -> -289779.05
A14: 2031 | B14: =产业碳足迹!B14 -> -16547.187 | C14: =产业碳足迹!C14 -> 145901.4 | D14: =产业碳足迹!D14 -> -178995.77 | E14: =产业碳足迹!E14 -> -71215.253 | F14: =产业碳足迹!F14 -> 91233.331 | G14: =产业碳足迹!G14 -> -233663.84 | H14: =产业碳足迹!H14 -> -36237.774 | I14: =产业碳足迹!I14 -> 126210.81 | ... V14: =产业碳足迹!V14 -> -304174
... A33: 2050 | B33: =产业碳足迹!B33 -> 14067.905 | C33: =产业碳足迹!C33 -> 184476.86 | D33: =产业碳足迹!D33 -> -156341.06 | E33: =产业碳足迹!E33 -> -148900.63 | F33: =产业碳足迹!F33 -> 21508.332 | G33: =产业碳足迹!G33 -> -319309.59 | H33: =产业碳足迹!H33 -> -48822.985 | I33: =产业碳足迹!I33 -> 121585.97 | ... V33: =产业碳足迹!V33 -> -451687.29
A39: Year | B39: mean | C39: max | D39: min | E39: scenario
A40: 2020 | B40: =B3 -> 67983.327 | C40: =C3 -> 177841.64 | D40: =D3 -> -41874.984 | E40: BAU
A41: 2021 | B41: =B4 -> 74326.987 | C41: =C4 -> 189943.23 | D41: =D4 -> -41289.252 | E41: BAU
A42: 2022 | B42: =B5 -> 76433.03 | C42: =C5 -> 197807.2 | D42: =D5 -> -44941.137 | E42: BAU
A43: 2023 | B43: =B6 -> 41808.203 | C43: =C6 -> 168940.3 | D43: =D6 -> -85323.893 | E43: BAU
A44: 2024 | B44: =B7 -> -21310.539 | C44: =C7 -> 111579.49 | D44: =D7 -> -154200.56 | E44: BAU
A45: 2025 | B45: =B8 -> -21099.695 | C45: =C8 -> 117548.26 | D45: =D8 -> -159747.65 | E45: BAU
A46: 2026 | B46: =B9 -> -20713.557 | C46: =C9 -> 122070.55 | D46: =D9 -> -163497.66 | E46: BAU
A47: 2027 | B47: =B10 -> -20161.902 | C47: =C10 -> 126758.36 | D47: =D10 -> -167082.16 | E47: BAU
A48: 2028 | B48: =B11 -> -19456.397 | C48: =C11 -> 131600.02 | D48: =D11 -> -170512.81 | E48: BAU
A49: 2029 | B49: =B12 -> -18609.872 | C49: =C12 -> 136582.69 | D49: =D12 -> -173802.44 | E49: BAU
A50: 2030 | B50: =B13 -> -17635.685 | C50: =C13 -> 141693.03 | D50: =D13 -> -176964.4 | E50: BAU
A51: 2031 | B51: =B14 -> -16547.187 | C51: =C14 -> 145901.4 | D51: =D14 -> -178995.77 | E51: BAU
... A70: 2050 | B70: =B33 -> 14067.905 | C70: =C33 -> 184476.86 | D70: =D33 -> -156341.06 | E70: BAU
A71: 2020 | B71: =E3 -> 67983.327 | C71: =F3 -> 177841.64 | D71: =G3 -> -41874.984 | E71: P1
A72: 2021 | B72: =E4 -> 72925.663 | C72: =F4 -> 188541.9 | D72: =G4 -> -42690.576 | E72: P1
A73: 2022 | B73: =E5 -> 73484.83 | C73: =F5 -> 194859 | D73: =G5 -> -47889.338 | E73: P1
A74: 2023 | B74: =E6 -> 34665.736 | C74: =F6 -> 161797.83 | D74: =G6 -> -92466.36 | E74: P1
A75: 2024 | B75: =E7 -> -32284.419 | C75: =F7 -> 100605.61 | D75: =G7 -> -165174.44 | E75: P1
A76: 2025 | B76: =E8 -> -37740.51 | C76: =F8 -> 100907.44 | D76: =G8 -> -176388.46 | E76: P1
A77: 2026 | B77: =E9 -> -43307.799 | C77: =F9 -> 99476.307 | D77: =G9 -> -186091.9 | E77: P1
A78: 2027 | B78: =E10 -> -48935.157 | C78: =F10 -> 97985.102 | D78: =G10 -> -195855.42 | E78: P1
A79: 2028 | B79: =E11 -> -54576.594 | C79: =F11 -> 96479.818 | D79: =G11 -> -205633.01 | E79: P1
A80: 2029 | B80: =E12 -> -60192.009 | C80: =F12 -> 95000.556 | D80: =G12 -> -215384.57 | E80: P1
A81: 2030 | B81: =E13 -> -65747.491 | C81: =F13 -> 93581.227 | D81: =G13 -> -225076.21 | E81: P1
A82: 2031 | B82: =E14 -> -71215.253 | C82: =F14 -> 91233.331 | D82: =G14 -> -233663.84 | E82: P1
... A101: 2050 | B101: =E33 -> -148900.63 | C101: =F33 -> 21508.332 | D101: =G33 -> -319309.59 | E101: P1
A102: 2020 | B102: =H3 -> 67983.327 | C102: =I3 -> 177841.64 | D102: =J3 -> -41874.984 | E102: P2
A103: 2021 | B103: =H4 -> 72773.73 | C103: =I4 -> 188389.97 | D103: =J4 -> -42842.509 | E103: P2
A104: 2022 | B104: =H5 -> 73153.659 | C104: =I5 -> 194527.83 | D104: =J5 -> -48220.508 | E104: P2
A105: 2023 | B105: =H6 -> 37098.536 | C105: =I6 -> 164230.63 | D105: =J6 -> -90033.56 | E105: P2
A106: 2024 | B106: =H7 -> -26969.819 | C106: =I7 -> 105920.21 | D106: =J7 -> -159859.84 | E106: P2
A107: 2025 | B107: =H8 -> -28511.905 | C107: =I8 -> 110136.05 | D107: =J8 -> -167159.86 | E107: P2
A108: 2026 | B108: =H9 -> -29986.112 | C108: =I9 -> 112797.99 | D108: =J9 -> -172770.22 | E108: P2
A109: 2027 | B109: =H10 -> -31387.391 | C109: =I10 -> 115532.87 | D109: =J10 -> -178307.65 | E109: P2
A110: 2028 | B110: =H11 -> -32713.03 | C110: =I11 -> 118343.38 | D110: =J11 -> -183769.44 | E110: P2
A111: 2029 | B111: =H12 -> -33962.372 | C111: =I12 -> 121230.19 | D111: =J12 -> -189154.94 | E111: P2
A112: 2030 | B112: =H13 -> -35136.478 | C112: =I13 -> 124192.24 | D112: =J13 -> -194465.2 | E112: P2
A113: 2031 | B113: =H14 -> -36237.774 | C113: =I14 -> 126210.81 | D113: =J14 -> -198686.36 | E113: P2
... A132: 2050 | B132: =H33 -> -48822.985 | C132: =I33 -> 121585.97 | D132: =J33 -> -219231.94 | E132: P2
A133: 2020 | B133: =K3 -> 67983.327 | C133: =L3 -> 177841.64 | D133: =M3 -> -41874.984 | E133: P3
A134: 2021 | B134: =K4 -> 66595.058 | C134: =L4 -> 182211.3 | D134: =M4 -> -49021.181 | E134: P3
A135: 2022 | B135: =K5 -> 60417.7 | C135: =L5 -> 181791.87 | D135: =M5 -> -60956.467 | E135: P3
A136: 2023 | B136: =K6 -> 19642.711 | C136: =L6 -> 146774.81 | D136: =M6 -> -107489.38 | E136: P3
A137: 2024 | B137: =K7 -> -45899.737 | C137: =L7 -> 86990.287 | D137: =M7 -> -178789.76 | E137: P3
A138: 2025 | B138: =K8 -> -52793.535 | C138: =L8 -> 85854.418 | D138: =M8 -> -191441.49 | E138: P3
A139: 2026 | B139: =K9 -> -59744.732 | C139: =L9 -> 83039.374 | D139: =M9 -> -202528.84 | E139: P3
A140: 2027 | B140: =K10 -> -66692.478 | C140: =L10 -> 80227.781 | D140: =M10 -> -213612.74 | E140: P3
A141: 2028 | B141: =K11 -> -73583.968 | C141: =L11 -> 77472.444 | D141: =M11 -> -224640.38 | E141: P3
A142: 2029 | B142: =K12 -> -80374.975 | C142: =L12 -> 74817.59 | D142: =M12 -> -235567.54 | E142: P3
A143: 2030 | B143: =K13 -> -87029.83 | C143: =L13 -> 72298.889 | D143: =M13 -> -246358.55 | E143: P3
A144: 2031 | B144: =K14 -> -93520.986 | C144: =L14 -> 68927.598 | D144: =M14 -> -255969.57 | E144: P3
... A163: 2050 | B163: =K33 -> -181550.25 | C163: =L33 -> -11141.291 | D163: =M33 -> -351959.21 | E163: P3
A164: 2020 | B164: =N3 -> 67983.327 | C164: =O3 -> 177841.64 | D164: =P3 -> -41874.984 | E164: P5
A165: 2021 | B165: =N4 -> 70949.651 | C165: =O4 -> 186565.89 | D165: =P4 -> -44666.588 | E165: P5
A166: 2022 | B166: =N5 -> 69405.259 | C166: =O5 -> 190779.43 | D166: =P5 -> -51968.908 | E166: P5
A167: 2023 | B167: =N6 -> 32238.129 | C167: =O6 -> 159370.23 | D167: =P6 -> -94893.967 | E167: P5
A168: 2024 | B168: =N7 -> -31541.634 | C168: =O7 -> 101348.39 | D168: =P7 -> -164431.66 | E168: P5
A169: 2025 | B169: =N8 -> -34376.853 | C169: =O8 -> 104271.1 | D169: =P8 -> -173024.81 | E169: P5
A170: 2026 | B170: =N9 -> -37173.961 | C170: =O9 -> 105610.15 | D170: =P9 -> -179958.07 | E170: P5
A171: 2027 | B171: =N10 -> -39914.041 | C171: =O10 -> 107006.22 | D171: =P10 -> -186834.3 | E171: P5
A172: 2028 | B172: =N11 -> -42581.909 | C172: =O11 -> 108474.5 | D172: =P11 -> -193638.32 | E172: P5
A173: 2029 | B173: =N12 -> -45166.035 | C173: =O12 -> 110026.53 | D173: =P12 -> -200358.6 | E173: P5
A174: 2030 | B174: =N13 -> -47658.287 | C174: =O13 -> 111670.43 | D174: =P13 -> -206987.01 | E174: P5
A175: 2031 | B175: =N14 -> -50053.567 | C175: =O14 -> 112395.02 | D175: =P14 -> -212502.15 | E175: P5
... A194: 2050 | B194: =N33 -> -80124.734 | C194: =O33 -> 90284.226 | D194: =P33 -> -250533.69 | E194: P5
A195: 2020 | B195: =Q3 -> 67983.327 | C195: =R3 -> 177841.64 | D195: =S3 -> -41874.984 | E195: Best (with BG)
A196: 2021 | B196: =Q4 -> 68432.381 | C196: =R4 -> 184048.62 | D196: =S4 -> -47183.858 | E196: Best (with BG)
A197: 2022 | B197: =Q5 -> 64172.43 | C197: =R5 -> 185546.6 | D197: =S5 -> -57201.737 | E197: Best (with BG)
A198: 2023 | B198: =Q6 -> 21825.811 | C198: =R6 -> 148957.91 | D198: =S6 -> -105306.28 | E198: Best (with BG)
A199: 2024 | B199: =Q7 -> -46374.176 | C199: =R7 -> 86515.848 | D199: =S7 -> -179264.2 | E199: Best (with BG)
A200: 2025 | B200: =Q8 -> -55765.01 | C200: =R8 -> 82882.942 | D200: =S8 -> -194412.96 | E200: Best (with BG)
A201: 2026 | B201: =Q9 -> -65337.884 | C201: =R9 -> 77446.222 | D201: =S9 -> -208121.99 | E201: Best (with BG)
A202: 2027 | B202: =Q10 -> -74999.67 | C202: =R10 -> 71920.589 | D202: =S10 -> -221919.93 | E202: Best (with BG)
A203: 2028 | B203: =Q11 -> -84667.149 | C203: =R11 -> 66389.263 | D203: =S11 -> -235723.56 | E203: Best (with BG)
A204: 2029 | B204: =Q12 -> -94268.291 | C204: =R12 -> 60924.275 | D204: =S12 -> -249460.86 | E204: Best (with BG)
A205: 2030 | B205: =Q13 -> -103742.72 | C205: =R13 -> 55586 | D205: =S13 -> -263071.44 | E205: Best (with BG)
A206: 2031 | B206: =Q14 -> -113041.5 | C206: =R14 -> 49407.086 | D206: =S14 -> -275490.08 | E206: Best (with BG)
... A225: 2050 | B225: =Q33 -> -241549.77 | C225: =R33 -> -71140.812 | D225: =S33 -> -411958.73 | E225: Best (with BG)
A226: 2020 | B226: =T3 -> 67983.327 | C226: =U3 -> 177841.64 | D226: =V3 -> -41874.984 | E226: Best (without BG)
A227: 2021 | B227: =T4 -> 64578.95 | C227: =U4 -> 180195.19 | D227: =V4 -> -51037.289 | E227: Best (without BG)
A228: 2022 | B228: =T5 -> 56316.356 | C228: =U5 -> 177690.52 | D228: =V5 -> -65057.811 | E228: Best (without BG)
A229: 2023 | B229: =T6 -> 11183.446 | C229: =U6 -> 138315.54 | D229: =V6 -> -115948.65 | E229: Best (without BG)
A230: 2024 | B230: =T7 -> -57875.922 | C230: =U7 -> 75014.102 | D230: =V7 -> -190765.95 | E230: Best (without BG)
A231: 2025 | B231: =T8 -> -70113.121 | C231: =U8 -> 68534.832 | D231: =V8 -> -208761.07 | E231: Best (without BG)
...

Sheet Fig 4a2
B1: 2020 | C1: 2025 | D1: 2030 | E1: 2035 | F1: 2040 | G1: 2045 | H1: 2050
A2: Energy | B2: =Best!AC116*Production!$B$3/1000 -> 102043.27 | C2: =Best!AD116*Production!$B$8/1000 -> 126062.31 | D2: =Best!AE116*Production!$B$13/1000 -> 127353.9 | E2: =Best!AF116*Production!$B$18/1000 -> 130165.27 | F2: =Best!AG116*Production!$B$23/1000 -> 92008.248 | G2: =Best!AH116*Production!$B$28/1000 -> 65222.414 | H2: =Best!AI116*Production!$B$33/1000 -> 36124.522
A3: Infra.&Equip | B3: =Best!AC117*Production!$B$3/1000 -> 113823.41 | C3: =Best!AD117*Production!$B$8/1000 -> 85412.713 | D3: =Best!AE117*Production!$B$13/1000 -> 89067.969 | E3: =Best!AF117*Production!$B$18/1000 -> 63831.817 | F3: =Best!AG117*Production!$B$23/1000 -> 81159.015 | G3: =Best!AH117*Production!$B$28/1000 -> 74907.695 | H3: =Best!AI117*Production!$B$33/1000 -> 68755.11
A4: Transport | B4: =Best!AC118*Production!$B$3/1000 -> 27880.212 | C4: =Best!AD118*Production!$B$8/1000 -> 28898.347 | D4: =Best!AE118*Production!$B$13/1000 -> 32622.599 | E4: =Best!AF118*Production!$B$18/1000 -> 39071.042 | F4: =Best!AG118*Production!$B$23/1000 -> 34336.306 | G4: =Best!AH118*Production!$B$28/1000 -> 33856.215 | H4: =Best!AI118*Production!$B$33/1000 -> 33085.814
A5: Feed | B5: =Best!AC119*Production!$B$3/1000 -> -175763.56 | C5: =Best!AD119*Production!$B$8/1000 -> -250187.92 | D5: =Best!AE119*Production!$B$13/1000 -> -296289.76 | E5: =Best!AF119*Production!$B$18/1000 -> -314473.01 | F5: =Best!AG119*Production!$B$23/1000 -> -340831.72 | G5: =Best!AH119*Production!$B$28/1000 -> -350260.16 | H5: =Best!AI119*Production!$B$33/1000 -> -356103.85
B10: t CO2 eq.
A11: Process | B11: CO2 | C11: Year
A12: Energy | B12: =B2 -> 102043.27 | C12: 2020
A13: Infra.&Equip. | B13: =B3 -> 113823.41 | C13: 2020
A14: Transport | B14: =B4 -> 27880.212 | C14: 2020
A15: Feed | B15: =B5 -> -175763.56 | C15: 2020
A16: Energy | B16: =C2 -> 126062.31 | C16: 2025
A17: Infra.&Equip. | B17: =C3 -> 85412.713 | C17: 2025
A18: Transport | B18: =C4 -> 28898.347 | C18: 2025
A19: Feed | B19: =C5 -> -250187.92 | C19: 2025
A20: Energy | B20: =D2 -> 127353.9 | C20: 2030
A21: Infra.&Equip. | B21: =D3 -> 89067.969 | C21: 2030
A22: Transport | B22: =D4 -> 32622.599 | C22: 2030
A23: Feed | B23: =D5 -> -296289.76 | C23: 2030
A24: Energy | B24: =E2 -> 130165.27 | C24: 2035
A25: Infra.&Equip. | B25: =E3 -> 63831.817 | C25: 2035
A26: Transport | B26: =E4 -> 39071.042 | C26: 2035
A27: Feed | B27: =E5 -> -314473.01 | C27: 2035
A28: Energy | B28: =F2 -> 92008.248 | C28: 2040
A29: Infra.&Equip. | B29: =F3 -> 81159.015 | C29: 2040
A30: Transport | B30: =F4 -> 34336.306 | C30: 2040
A31: Feed | B31: =F5 -> -340831.72 | C31: 2040
A32: Energy | B32: =G2 -> 65222.414 | C32: 2045
A33: Infra.&Equip. | B33: =G3 -> 74907.695 | C33: 2045
A34: Transport | B34: =G4 -> 33856.215 | C34: 2045
A35: Feed | B35: =G5 -> -350260.16 | C35: 2045
A36: Energy | B36: =H2 -> 36124.522 | C36: 2050
A37: Infra.&Equip. | B37: =H3 -> 68755.11 | C37: 2050
A38: Transport | B38: =H4 -> 33085.814 | C38: 2050
A39: Feed | B39: =H5 -> -356103.85 | C39: 2050
